usuario_id,valor,data,local
39,449.79,2026-03-19 05:19:03.548983,BR
57,827.51,2026-03-23 18:26:03.548983,FR
24,76.89,2026-03-21 06:15:03.548983,US
86,836.22,2026-03-23 01:46:03.548983,US
14,938.38,2026-03-23 16:32:03.548983,UK
59,464.23,2026-03-24 17:18:03.548983,US
18,894.24,2026-03-19 14:24:03.548983,US
58,768.78,2026-03-20 06:29:03.548983,UK
43,212.48,2026-03-19 02:13:03.548983,UK
32,224.88,2026-03-20 12:52:03.548983,FR
72,906.59,2026-03-20 10:59:03.548983,UK
31,153.6,2026-03-25 02:48:03.548983,US
7,805.52,2026-03-21 07:52:03.548983,UK
81,747.24,2026-03-23 08:53:03.548983,BR
58,753.65,2026-03-21 09:52:03.548983,BR
92,889.75,2026-03-24 16:55:03.548983,FR
59,696.54,2026-03-24 08:42:03.548983,US
14,73.05,2026-03-19 04:05:03.548983,BR
1,521.49,2026-03-19 07:33:03.548983,UK
64,417.78,2026-03-22 13:58:03.548983,US
2,219.92,2026-03-21 16:43:03.548983,FR
7,298.76,2026-03-24 21:59:03.548983,FR
1,330.9,2026-03-22 17:50:03.548983,BR
42,663.05,2026-03-25 01:42:03.548983,US
31,396.09,2026-03-22 04:34:03.548983,UK
68,11.4,2026-03-20 20:43:03.548983,BR
24,750.37,2026-03-19 07:04:03.548983,FR
49,34.27,2026-03-23 09:09:03.548983,BR
34,3255.39,2026-03-22 22:03:03.548983,FR
37,841.07,2026-03-24 12:46:03.548983,BR
71,338.98,2026-03-22 17:08:03.548983,US
73,298.09,2026-03-21 07:26:03.548983,UK
31,361.58,2026-03-25 10:44:03.548983,FR
92,347.34,2026-03-21 14:55:03.548983,BR
76,388.62,2026-03-22 12:52:03.548983,UK
2,603.96,2026-03-21 21:51:03.548983,FR
89,166.26,2026-03-18 22:52:03.548983,BR
7,451.41,2026-03-24 08:42:03.548983,FR
80,258.34,2026-03-20 09:55:03.548983,FR
5,408.86,2026-03-24 02:34:03.548983,US
61,39.91,2026-03-18 20:43:03.548983,US
54,391.3,2026-03-23 16:35:03.548983,US
78,89.39,2026-03-20 10:22:03.548983,UK
33,751.44,2026-03-22 16:13:03.548983,BR
48,638.62,2026-03-24 06:30:03.548983,BR
97,714.76,2026-03-21 03:44:03.548983,FR
69,696.59,2026-03-20 18:01:03.548983,UK
46,73.0,2026-03-19 15:23:03.548983,BR
78,344.45,2026-03-18 21:37:03.548983,UK
78,539.12,2026-03-19 11:40:03.548983,FR
100,67.33,2026-03-23 10:08:03.548983,BR
94,879.39,2026-03-22 10:24:03.548983,US
19,805.07,2026-03-19 12:57:03.548983,UK
46,216.75,2026-03-21 15:41:03.548983,FR
89,689.4,2026-03-19 03:55:03.548983,FR
1,707.08,2026-03-21 17:32:03.548983,BR
49,992.83,2026-03-24 06:51:03.548983,FR
38,515.07,2026-03-24 17:16:03.548983,US
33,316.9,2026-03-25 00:12:03.548983,UK
17,866.32,2026-03-24 08:34:03.548983,UK
83,212.96,2026-03-19 14:36:03.548983,UK
87,486.02,2026-03-24 22:12:03.548983,UK
22,551.47,2026-03-18 14:04:03.548983,FR
44,757.75,2026-03-21 03:44:03.548983,FR
2,55.78,2026-03-23 12:57:03.548983,UK
39,707.78,2026-03-23 09:28:03.548983,FR
84,17.88,2026-03-18 20:05:03.548983,UK
58,674.68,2026-03-22 14:13:03.548983,FR
61,304.13,2026-03-20 20:57:03.548983,US
17,295.07,2026-03-19 01:27:03.548983,US
83,585.05,2026-03-22 14:21:03.548983,UK
38,861.65,2026-03-18 17:15:03.548983,UK
5,8075.83,2026-03-22 12:10:03.548983,BR
72,893.77,2026-03-19 05:33:03.548983,US
90,399.75,2026-03-23 02:12:03.548983,UK
22,210.28,2026-03-20 11:22:03.548983,BR
79,322.82,2026-03-19 03:49:03.548983,FR
94,65.33,2026-03-22 12:26:03.548983,UK
75,332.23,2026-03-18 15:23:03.548983,US
76,126.89,2026-03-24 08:19:03.548983,FR
85,929.62,2026-03-25 08:32:03.548983,UK
82,761.64,2026-03-19 04:54:03.548983,UK
39,289.13,2026-03-23 00:13:03.548983,US
83,162.26,2026-03-20 10:53:03.548983,BR
77,318.32,2026-03-25 03:34:03.548983,FR
53,84.22,2026-03-22 10:18:03.548983,FR
35,536.96,2026-03-23 11:34:03.548983,US
86,540.35,2026-03-21 20:14:03.548983,UK
46,637.46,2026-03-18 14:19:03.548983,BR
53,882.78,2026-03-20 14:35:03.548983,US
58,155.97,2026-03-21 09:58:03.548983,UK
100,753.01,2026-03-20 08:59:03.548983,BR
18,859.2,2026-03-20 04:47:03.548983,US
98,128.18,2026-03-21 00:13:03.548983,FR
84,450.99,2026-03-24 08:40:03.548983,FR
9,999.0,2026-03-18 14:28:03.548983,US
22,608.64,2026-03-23 15:03:03.548983,FR
78,4068.02,2026-03-22 23:56:03.548983,BR
35,151.35,2026-03-19 11:07:03.548983,UK
91,13.49,2026-03-23 08:41:03.548983,UK
39,7776.57,2026-03-20 01:00:03.548983,FR
31,659.09,2026-03-21 09:06:03.548983,FR
64,853.49,2026-03-21 13:01:03.548983,FR
42,748.56,2026-03-24 12:10:03.548983,US
68,264.69,2026-03-19 15:52:03.548983,UK
8,679.59,2026-03-23 03:43:03.548983,US
67,420.4,2026-03-19 23:56:03.548983,BR
13,688.65,2026-03-24 01:24:03.548983,FR
66,359.4,2026-03-20 14:51:03.548983,BR
32,639.59,2026-03-20 12:54:03.548983,US
20,252.22,2026-03-21 13:46:03.548983,BR
45,685.94,2026-03-25 03:31:03.548983,US
73,335.36,2026-03-23 13:19:03.548983,US
59,126.25,2026-03-23 07:07:03.548983,BR
90,212.99,2026-03-25 00:30:03.548983,FR
90,741.98,2026-03-22 00:29:03.548983,BR
96,553.42,2026-03-25 11:50:03.548983,US
91,304.98,2026-03-25 09:19:03.548983,FR
25,25.06,2026-03-20 09:46:03.548983,US
3,382.36,2026-03-20 00:52:03.548983,US
27,13.48,2026-03-19 04:59:03.548983,UK
29,986.23,2026-03-25 09:25:03.548983,FR
22,203.04,2026-03-20 04:50:03.548983,BR
70,385.65,2026-03-21 18:16:03.548983,UK
17,903.41,2026-03-23 15:00:03.548983,UK
14,87.08,2026-03-19 03:47:03.548983,BR
58,138.19,2026-03-20 20:05:03.548983,BR
18,213.85,2026-03-21 11:50:03.548983,UK
72,238.36,2026-03-22 12:32:03.548983,US
6,687.04,2026-03-21 01:24:03.548983,BR
69,806.85,2026-03-18 13:38:03.548983,UK
73,193.72,2026-03-23 21:39:03.548983,BR
60,906.14,2026-03-20 08:10:03.548983,FR
39,588.02,2026-03-24 02:14:03.548983,BR
58,549.78,2026-03-21 18:13:03.548983,BR
71,56.39,2026-03-19 07:32:03.548983,BR
2,848.02,2026-03-18 21:07:03.548983,BR
47,137.35,2026-03-21 03:10:03.548983,US
55,894.45,2026-03-25 04:02:03.548983,BR
40,726.49,2026-03-20 04:05:03.548983,BR
1,902.16,2026-03-18 16:41:03.548983,BR
85,774.81,2026-03-23 00:23:03.548983,UK
62,196.39,2026-03-19 06:55:03.548983,UK
44,9681.08,2026-03-23 11:53:03.548983,UK
32,723.84,2026-03-24 11:40:03.548983,US
1,979.89,2026-03-23 02:25:03.548983,UK
30,161.48,2026-03-21 06:23:03.548983,FR
77,767.58,2026-03-22 11:53:03.548983,BR
27,715.94,2026-03-23 09:12:03.548983,UK
30,138.75,2026-03-24 12:41:03.548983,BR
51,15.71,2026-03-25 07:20:03.548983,BR
96,978.75,2026-03-20 10:48:03.548983,UK
18,934.83,2026-03-24 21:48:03.548983,US
81,297.97,2026-03-21 09:39:03.548983,US
65,246.87,2026-03-25 01:59:03.548983,BR
62,508.49,2026-03-23 20:39:03.548983,US
47,9039.48,2026-03-19 10:46:03.548983,US
37,434.5,2026-03-20 20:48:03.548983,BR
24,434.48,2026-03-19 02:11:03.548983,FR
95,673.58,2026-03-20 07:44:03.548983,US
98,983.56,2026-03-25 00:54:03.548983,UK
55,522.61,2026-03-20 10:48:03.548983,US
27,79.76,2026-03-22 10:06:03.548983,UK
58,72.4,2026-03-25 06:56:03.548983,US
57,290.96,2026-03-23 09:47:03.548983,UK
95,700.43,2026-03-24 03:45:03.548983,UK
59,884.83,2026-03-22 18:07:03.548983,FR
76,966.42,2026-03-22 15:22:03.548983,BR
75,81.73,2026-03-18 22:03:03.548983,BR
11,435.81,2026-03-23 04:04:03.548983,US
41,25.04,2026-03-19 19:03:03.548983,UK
80,884.68,2026-03-24 14:56:03.548983,US
58,824.55,2026-03-20 06:07:03.548983,BR
84,438.21,2026-03-22 10:21:03.548983,US
29,547.01,2026-03-19 15:25:03.548983,BR
4,790.71,2026-03-22 08:23:03.548983,US
26,990.3,2026-03-23 03:43:03.548983,BR
48,590.5,2026-03-20 17:36:03.548983,FR
35,768.82,2026-03-24 03:49:03.548983,US
85,970.69,2026-03-20 20:57:03.548983,US
55,849.27,2026-03-25 11:51:03.548983,BR
43,495.72,2026-03-25 03:32:03.548983,FR
48,864.82,2026-03-22 20:16:03.548983,US
63,758.7,2026-03-20 04:06:03.548983,FR
54,678.73,2026-03-22 14:17:03.548983,BR
34,555.72,2026-03-25 05:21:03.548983,US
52,862.52,2026-03-24 03:51:03.548983,FR
8,932.18,2026-03-19 23:05:03.548983,BR
53,578.25,2026-03-21 13:10:03.548983,US
13,381.11,2026-03-19 18:53:03.548983,UK
9,378.58,2026-03-25 11:09:03.548983,FR
30,842.79,2026-03-18 14:30:03.548983,UK
32,370.26,2026-03-24 00:04:03.548983,US
57,338.83,2026-03-19 04:31:03.548983,US
94,176.4,2026-03-24 13:13:03.548983,UK
84,702.36,2026-03-23 06:04:03.548983,UK
12,998.95,2026-03-21 21:21:03.548983,US
46,597.37,2026-03-20 05:45:03.548983,US
1,387.42,2026-03-20 07:06:03.548983,US
23,409.2,2026-03-23 09:15:03.548983,US
41,217.73,2026-03-23 02:22:03.548983,FR
79,8380.47,2026-03-19 23:59:03.548983,UK
97,844.12,2026-03-22 06:47:03.548983,US
44,501.36,2026-03-22 15:07:03.548983,BR
36,218.31,2026-03-22 21:52:03.548983,US
36,21.53,2026-03-20 20:22:03.548983,FR
44,957.77,2026-03-20 09:45:03.548983,BR
66,810.05,2026-03-25 00:29:03.548983,UK
36,271.83,2026-03-25 10:47:03.548983,BR
33,103.94,2026-03-25 09:26:03.548983,FR
19,817.58,2026-03-20 13:50:03.548983,UK
19,372.07,2026-03-18 22:31:03.548983,FR
17,232.67,2026-03-18 19:26:03.548983,FR
83,693.96,2026-03-25 03:26:03.548983,US
36,204.25,2026-03-22 04:28:03.548983,US
16,655.95,2026-03-18 20:28:03.548983,FR
18,833.17,2026-03-25 10:39:03.548983,BR
68,678.26,2026-03-19 03:50:03.548983,BR
4,782.46,2026-03-24 14:50:03.548983,BR
14,517.16,2026-03-21 21:57:03.548983,FR
99,261.13,2026-03-24 02:13:03.548983,BR
3,526.41,2026-03-22 16:55:03.548983,BR
30,460.38,2026-03-23 15:16:03.548983,UK
17,795.49,2026-03-19 11:56:03.548983,US
31,500.44,2026-03-21 15:53:03.548983,UK
14,327.33,2026-03-23 20:22:03.548983,US
56,27.6,2026-03-21 00:30:03.548983,UK
90,372.5,2026-03-19 20:50:03.548983,BR
22,474.06,2026-03-24 09:03:03.548983,FR
66,65.29,2026-03-20 12:17:03.548983,UK
47,663.09,2026-03-21 06:00:03.548983,UK
2,228.98,2026-03-21 01:43:03.548983,BR
95,972.64,2026-03-20 19:43:03.548983,US
91,276.49,2026-03-24 11:18:03.548983,UK
11,567.67,2026-03-20 09:49:03.548983,BR
37,827.13,2026-03-23 03:17:03.548983,UK
10,65.53,2026-03-19 01:06:03.548983,US
40,190.51,2026-03-23 09:38:03.548983,US
91,976.93,2026-03-22 20:11:03.548983,FR
55,370.28,2026-03-20 15:34:03.548983,BR
69,537.98,2026-03-20 12:16:03.548983,FR
31,346.79,2026-03-23 16:37:03.548983,FR
33,568.86,2026-03-18 19:25:03.548983,BR
4,588.7,2026-03-23 17:52:03.548983,US
88,269.82,2026-03-19 12:33:03.548983,UK
86,668.36,2026-03-21 07:50:03.548983,US
14,774.77,2026-03-23 03:45:03.548983,BR
21,974.14,2026-03-19 05:38:03.548983,UK
54,513.32,2026-03-20 15:26:03.548983,US
30,604.73,2026-03-19 08:28:03.548983,US
82,846.48,2026-03-23 00:06:03.548983,FR
39,351.44,2026-03-20 16:43:03.548983,FR
96,185.29,2026-03-19 12:07:03.548983,BR
88,25.34,2026-03-25 11:46:03.548983,FR
10,3702.64,2026-03-20 10:40:03.548983,FR
13,297.78,2026-03-24 21:46:03.548983,BR
90,636.6,2026-03-21 00:08:03.548983,US
25,56.72,2026-03-24 03:25:03.548983,BR
3,854.18,2026-03-20 14:45:03.548983,US
22,643.7,2026-03-24 11:04:03.548983,BR
44,331.56,2026-03-19 05:30:03.548983,FR
26,753.83,2026-03-21 07:28:03.548983,US
9,826.74,2026-03-24 08:25:03.548983,FR
34,184.44,2026-03-20 00:26:03.548983,US
32,4569.11,2026-03-22 19:15:03.548983,FR
89,502.9,2026-03-23 23:30:03.548983,UK
81,768.71,2026-03-19 20:51:03.548983,FR
64,736.25,2026-03-23 08:20:03.548983,FR
20,328.85,2026-03-22 08:05:03.548983,UK
77,587.4,2026-03-23 08:00:03.548983,FR
41,335.17,2026-03-19 11:33:03.548983,UK
98,779.85,2026-03-23 16:37:03.548983,US
43,200.54,2026-03-25 04:02:03.548983,BR
52,265.07,2026-03-19 10:26:03.548983,UK
35,373.22,2026-03-24 15:26:03.548983,UK
63,604.63,2026-03-24 16:26:03.548983,BR
54,988.96,2026-03-25 03:57:03.548983,UK
54,209.56,2026-03-21 01:22:03.548983,FR
26,102.47,2026-03-22 00:13:03.548983,US
45,46.43,2026-03-20 09:13:03.548983,UK
62,772.94,2026-03-24 02:35:03.548983,FR
20,579.48,2026-03-20 22:54:03.548983,US
27,728.34,2026-03-20 06:56:03.548983,UK
27,851.5,2026-03-19 22:36:03.548983,UK
95,841.29,2026-03-23 00:29:03.548983,BR
35,478.08,2026-03-20 08:51:03.548983,FR
54,496.19,2026-03-19 15:54:03.548983,UK
88,5932.76,2026-03-23 17:20:03.548983,UK
63,943.88,2026-03-24 04:39:03.548983,FR
85,498.22,2026-03-24 08:43:03.548983,BR
48,345.15,2026-03-19 04:00:03.548983,UK
15,690.51,2026-03-19 20:09:03.548983,FR
88,324.58,2026-03-18 20:34:03.548983,US
56,607.43,2026-03-24 12:34:03.548983,UK
92,930.36,2026-03-20 21:17:03.548983,FR
54,583.89,2026-03-22 13:23:03.548983,BR
58,913.74,2026-03-21 21:31:03.548983,US
55,709.57,2026-03-20 06:22:03.548983,FR
86,136.02,2026-03-24 15:17:03.548983,FR
32,890.49,2026-03-18 14:42:03.548983,FR
27,601.99,2026-03-23 04:14:03.548983,BR
18,871.15,2026-03-24 04:49:03.548983,UK
46,167.1,2026-03-19 12:01:03.548983,FR
89,716.64,2026-03-20 04:19:03.548983,FR
75,144.64,2026-03-25 05:50:03.548983,BR
100,546.28,2026-03-18 16:32:03.548983,FR
29,327.67,2026-03-19 13:14:03.548983,FR
11,728.21,2026-03-19 08:51:03.548983,FR
90,507.26,2026-03-22 06:07:03.548983,FR
55,645.33,2026-03-22 12:24:03.548983,UK
58,98.14,2026-03-22 08:50:03.548983,BR
5,815.31,2026-03-20 01:24:03.548983,FR
43,237.17,2026-03-23 22:26:03.548983,BR
56,468.99,2026-03-24 00:41:03.548983,UK
12,27.56,2026-03-23 01:31:03.548983,BR
83,776.47,2026-03-25 00:29:03.548983,US
18,219.65,2026-03-22 06:57:03.548983,BR
56,9233.41,2026-03-24 14:27:03.548983,FR
29,408.83,2026-03-20 04:27:03.548983,FR
65,992.69,2026-03-25 05:17:03.548983,UK
82,324.56,2026-03-20 03:37:03.548983,US
56,661.23,2026-03-22 03:38:03.548983,BR
78,75.33,2026-03-18 16:21:03.548983,FR
85,916.95,2026-03-24 18:31:03.548983,UK
57,683.65,2026-03-19 16:32:03.548983,BR
51,699.16,2026-03-23 09:32:03.548983,UK
37,300.73,2026-03-19 09:28:03.548983,FR
93,182.02,2026-03-19 09:12:03.548983,BR
35,239.12,2026-03-20 10:06:03.548983,UK
51,446.58,2026-03-24 05:12:03.548983,BR
77,530.16,2026-03-25 09:07:03.548983,BR
81,766.87,2026-03-20 20:14:03.548983,BR
92,885.1,2026-03-22 23:57:03.548983,US
81,718.6,2026-03-24 16:49:03.548983,BR
16,30.35,2026-03-19 20:42:03.548983,US
94,945.14,2026-03-19 20:24:03.548983,FR
82,847.59,2026-03-20 11:38:03.548983,FR
67,960.79,2026-03-24 16:31:03.548983,FR
51,887.57,2026-03-23 22:41:03.548983,BR
19,528.74,2026-03-21 22:49:03.548983,BR
26,25.64,2026-03-23 04:29:03.548983,BR
48,4582.68,2026-03-22 21:58:03.548983,UK
8,146.19,2026-03-19 01:32:03.548983,BR
49,705.52,2026-03-18 17:47:03.548983,UK
61,567.41,2026-03-19 18:32:03.548983,US
80,274.01,2026-03-22 05:34:03.548983,BR
35,595.86,2026-03-25 02:43:03.548983,US
45,216.68,2026-03-21 04:58:03.548983,FR
44,514.72,2026-03-23 02:41:03.548983,UK
8,763.26,2026-03-20 06:32:03.548983,US
19,12.12,2026-03-21 22:10:03.548983,US
23,86.28,2026-03-24 18:47:03.548983,BR
1,37.83,2026-03-20 07:47:03.548983,UK
72,157.96,2026-03-21 16:54:03.548983,BR
43,549.84,2026-03-24 05:31:03.548983,FR
99,91.36,2026-03-20 22:29:03.548983,US
17,766.07,2026-03-19 00:42:03.548983,FR
29,185.93,2026-03-19 05:34:03.548983,UK
87,466.79,2026-03-23 20:23:03.548983,FR
73,40.74,2026-03-19 08:10:03.548983,US
90,134.51,2026-03-19 22:07:03.548983,UK
17,7906.73,2026-03-25 02:17:03.548983,UK
42,231.36,2026-03-21 00:16:03.548983,FR
46,176.0,2026-03-24 17:40:03.548983,FR
40,120.28,2026-03-19 23:12:03.548983,FR
81,827.51,2026-03-25 07:54:03.548983,FR
37,130.11,2026-03-24 17:28:03.548983,US
34,814.5,2026-03-24 18:12:03.548983,UK
31,606.47,2026-03-22 20:09:03.548983,FR
67,282.05,2026-03-21 03:41:03.548983,US
72,620.24,2026-03-19 06:34:03.548983,US
80,836.56,2026-03-23 01:23:03.548983,BR
15,583.96,2026-03-25 02:29:03.548983,UK
61,267.68,2026-03-19 23:05:03.548983,US
17,580.59,2026-03-18 23:09:03.548983,UK
20,448.11,2026-03-25 11:48:03.548983,FR
42,852.66,2026-03-24 11:24:03.548983,US
30,407.06,2026-03-18 22:01:03.548983,US
7,186.1,2026-03-21 15:15:03.548983,UK
43,857.33,2026-03-24 09:26:03.548983,FR
11,198.41,2026-03-21 16:44:03.548983,UK
31,44.01,2026-03-21 18:08:03.548983,US
97,914.35,2026-03-18 21:17:03.548983,UK
78,966.13,2026-03-23 09:17:03.548983,UK
21,490.32,2026-03-19 00:51:03.548983,BR
9,137.53,2026-03-19 07:43:03.548983,FR
64,863.62,2026-03-18 20:05:03.548983,UK
32,993.96,2026-03-21 22:04:03.548983,FR
7,517.5,2026-03-24 20:19:03.548983,FR
76,175.82,2026-03-19 15:55:03.548983,US
26,939.34,2026-03-24 10:56:03.548983,FR
84,897.26,2026-03-23 05:42:03.548983,US
62,988.95,2026-03-23 11:45:03.548983,UK
58,564.65,2026-03-25 11:19:03.548983,UK
35,373.59,2026-03-20 21:52:03.548983,FR
63,399.33,2026-03-24 12:33:03.548983,US
48,170.17,2026-03-21 13:46:03.548983,US
97,256.71,2026-03-23 13:42:03.548983,US
27,752.16,2026-03-20 12:28:03.548983,FR
25,685.02,2026-03-24 05:19:03.548983,BR
83,913.56,2026-03-18 15:42:03.548983,UK
97,949.35,2026-03-20 00:03:03.548983,UK
75,907.53,2026-03-24 06:09:03.548983,FR
26,104.2,2026-03-24 19:15:03.548983,US
53,491.22,2026-03-22 21:00:03.548983,UK
75,536.13,2026-03-20 19:29:03.548983,UK
57,222.57,2026-03-19 06:33:03.548983,UK
35,8647.52,2026-03-21 14:40:03.548983,US
3,939.41,2026-03-25 07:40:03.548983,BR
91,756.76,2026-03-18 17:29:03.548983,BR
4,579.97,2026-03-25 00:45:03.548983,UK
32,689.71,2026-03-24 18:14:03.548983,US
88,595.58,2026-03-25 03:45:03.548983,US
82,122.09,2026-03-21 18:04:03.548983,BR
59,227.29,2026-03-22 02:42:03.548983,UK
87,892.97,2026-03-25 01:06:03.548983,UK
98,607.85,2026-03-22 17:45:03.548983,FR
22,158.93,2026-03-19 23:17:03.548983,UK
56,259.53,2026-03-22 12:24:03.548983,BR
50,17.73,2026-03-23 06:29:03.548983,UK
89,636.44,2026-03-20 08:31:03.548983,US
10,872.5,2026-03-23 12:35:03.548983,FR
7,933.14,2026-03-19 20:00:03.548983,UK
1,978.82,2026-03-22 09:58:03.548983,BR
24,660.84,2026-03-19 04:09:03.548983,UK
93,30.34,2026-03-24 07:55:03.548983,US
7,590.15,2026-03-21 13:29:03.548983,BR
55,585.08,2026-03-20 02:09:03.548983,FR
59,547.59,2026-03-25 08:35:03.548983,BR
13,9490.61,2026-03-23 23:13:03.548983,UK
48,61.97,2026-03-22 20:23:03.548983,UK
54,826.58,2026-03-20 01:27:03.548983,BR
27,587.28,2026-03-24 02:42:03.548983,US
38,395.37,2026-03-24 10:34:03.548983,UK
97,881.86,2026-03-25 10:50:03.548983,UK
11,89.96,2026-03-24 09:43:03.548983,US
42,362.31,2026-03-22 14:28:03.548983,UK
65,826.21,2026-03-24 20:38:03.548983,BR
2,118.29,2026-03-19 07:47:03.548983,FR
63,942.13,2026-03-24 07:53:03.548983,US
65,549.98,2026-03-24 17:02:03.548983,FR
68,638.0,2026-03-24 01:08:03.548983,US
84,120.46,2026-03-21 05:05:03.548983,UK
60,286.1,2026-03-19 11:08:03.548983,US
52,503.57,2026-03-19 03:05:03.548983,US
92,399.85,2026-03-20 15:53:03.548983,BR
34,739.35,2026-03-18 18:36:03.548983,UK
7,379.38,2026-03-22 20:30:03.548983,FR
36,83.44,2026-03-21 20:30:03.548983,UK
34,3940.69,2026-03-24 17:46:03.548983,UK
44,256.98,2026-03-21 01:25:03.548983,FR
87,439.01,2026-03-25 02:34:03.548983,FR
7,864.84,2026-03-21 06:00:03.548983,US
20,5669.33,2026-03-22 03:10:03.548983,FR
75,702.81,2026-03-19 05:43:03.548983,US
3,812.82,2026-03-19 23:50:03.548983,US
22,20.16,2026-03-23 03:19:03.548983,US
39,320.88,2026-03-19 03:01:03.548983,BR
35,895.93,2026-03-21 11:45:03.548983,FR
99,641.9,2026-03-21 04:08:03.548983,BR
3,360.88,2026-03-19 23:43:03.548983,US
27,467.94,2026-03-25 01:53:03.548983,BR
39,306.8,2026-03-23 16:40:03.548983,US
10,279.62,2026-03-18 22:33:03.548983,UK
96,718.63,2026-03-25 05:56:03.548983,US
69,673.5,2026-03-24 05:57:03.548983,FR
69,394.23,2026-03-25 10:28:03.548983,UK
56,752.98,2026-03-21 08:16:03.548983,US
8,3905.36,2026-03-24 06:58:03.548983,US
11,386.94,2026-03-20 23:43:03.548983,UK
93,877.68,2026-03-23 07:42:03.548983,FR
11,368.12,2026-03-19 19:03:03.548983,US
16,516.52,2026-03-24 18:38:03.548983,US
28,463.91,2026-03-20 21:17:03.548983,BR
11,613.01,2026-03-19 23:23:03.548983,FR
44,802.83,2026-03-24 17:18:03.548983,UK
18,3809.28,2026-03-20 22:09:03.548983,US
89,119.6,2026-03-20 00:40:03.548983,BR
76,110.81,2026-03-19 23:16:03.548983,BR
33,14.36,2026-03-22 14:33:03.548983,US
3,4642.97,2026-03-24 05:53:03.548983,FR
19,860.78,2026-03-19 07:59:03.548983,BR
58,8940.69,2026-03-20 05:14:03.548983,US
48,6517.12,2026-03-24 00:28:03.548983,BR
53,186.2,2026-03-21 02:52:03.548983,FR
76,517.22,2026-03-24 12:04:03.548983,FR
1,450.45,2026-03-22 14:23:03.548983,UK
91,38.25,2026-03-20 20:22:03.548983,UK
3,563.35,2026-03-24 00:05:03.548983,BR
59,666.04,2026-03-20 00:02:03.548983,BR
57,522.82,2026-03-23 05:07:03.548983,BR
56,427.64,2026-03-20 23:53:03.548983,BR
58,299.01,2026-03-20 08:55:03.548983,UK
91,623.29,2026-03-20 16:09:03.548983,BR
70,745.95,2026-03-20 01:54:03.548983,UK
84,921.08,2026-03-20 07:40:03.548983,FR
58,243.36,2026-03-25 09:00:03.548983,BR
10,32.14,2026-03-19 08:46:03.548983,BR
89,160.07,2026-03-23 22:48:03.548983,BR
82,7063.23,2026-03-20 01:02:03.548983,US
100,200.02,2026-03-24 16:22:03.548983,US
37,143.18,2026-03-21 22:19:03.548983,BR
47,438.05,2026-03-21 23:05:03.548983,FR
27,762.13,2026-03-23 22:13:03.548983,UK
75,468.66,2026-03-24 18:06:03.548983,FR
49,496.41,2026-03-22 03:24:03.548983,US
24,464.03,2026-03-23 04:40:03.548983,UK
5,66.42,2026-03-22 09:37:03.548983,UK
89,294.24,2026-03-20 08:43:03.548983,BR
3,634.53,2026-03-21 21:35:03.548983,FR
17,554.96,2026-03-22 08:01:03.548983,BR
39,462.63,2026-03-25 06:46:03.548983,FR
71,380.2,2026-03-24 15:45:03.548983,US
45,462.29,2026-03-20 09:02:03.548983,BR
38,118.37,2026-03-21 03:52:03.548983,BR
81,844.56,2026-03-24 18:27:03.548983,FR
16,303.1,2026-03-21 21:33:03.548983,FR
42,815.45,2026-03-24 09:19:03.548983,BR
91,733.62,2026-03-23 07:28:03.548983,US
49,812.03,2026-03-23 23:39:03.548983,FR
79,264.6,2026-03-19 08:09:03.548983,FR
94,740.96,2026-03-19 19:44:03.548983,FR
100,335.44,2026-03-18 21:27:03.548983,FR
75,528.0,2026-03-23 08:32:03.548983,BR
55,994.3,2026-03-20 05:19:03.548983,BR
87,722.02,2026-03-23 12:17:03.548983,FR
56,764.19,2026-03-24 15:29:03.548983,UK
66,836.44,2026-03-22 19:18:03.548983,US
23,691.62,2026-03-23 14:23:03.548983,FR
13,554.94,2026-03-19 09:10:03.548983,BR
4,926.22,2026-03-23 02:19:03.548983,FR
21,468.27,2026-03-24 10:40:03.548983,BR
48,33.74,2026-03-22 16:05:03.548983,FR
27,745.35,2026-03-20 02:27:03.548983,BR
39,369.94,2026-03-22 15:45:03.548983,BR
73,624.26,2026-03-22 14:10:03.548983,UK
50,665.98,2026-03-21 19:56:03.548983,US
29,356.25,2026-03-20 09:16:03.548983,FR
86,531.62,2026-03-22 12:06:03.548983,FR
34,139.17,2026-03-18 16:28:03.548983,FR
57,771.4,2026-03-22 10:45:03.548983,BR
69,210.79,2026-03-21 23:21:03.548983,BR
33,898.22,2026-03-25 10:23:03.548983,BR
38,525.09,2026-03-24 08:43:03.548983,FR
86,765.57,2026-03-21 18:29:03.548983,BR
54,7401.83,2026-03-22 10:08:03.548983,UK
93,790.75,2026-03-23 17:37:03.548983,FR
43,327.56,2026-03-19 03:21:03.548983,US
51,150.52,2026-03-20 09:01:03.548983,FR
51,603.1,2026-03-18 23:37:03.548983,BR
93,314.7,2026-03-21 07:02:03.548983,US
92,737.83,2026-03-18 21:42:03.548983,FR
48,218.02,2026-03-22 20:56:03.548983,UK
12,463.9,2026-03-24 16:24:03.548983,BR
61,118.9,2026-03-22 08:54:03.548983,FR
55,16.33,2026-03-24 04:37:03.548983,UK
7,814.43,2026-03-25 03:28:03.548983,FR
50,341.59,2026-03-22 11:08:03.548983,UK
1,7970.47,2026-03-22 21:29:03.548983,UK
75,670.39,2026-03-22 12:17:03.548983,UK
31,847.48,2026-03-22 19:23:03.548983,US
85,639.47,2026-03-22 23:08:03.548983,US
56,375.51,2026-03-22 02:30:03.548983,BR
14,972.06,2026-03-19 20:28:03.548983,US
53,571.21,2026-03-22 22:09:03.548983,BR
75,806.57,2026-03-20 09:00:03.548983,US
84,376.47,2026-03-25 02:08:03.548983,US
87,589.36,2026-03-19 14:08:03.548983,UK
13,681.44,2026-03-19 14:46:03.548983,BR
63,884.14,2026-03-24 04:56:03.548983,BR
39,215.44,2026-03-23 00:34:03.548983,US
61,829.52,2026-03-23 09:07:03.548983,FR
34,791.53,2026-03-25 09:43:03.548983,FR
15,533.16,2026-03-19 02:00:03.548983,UK
96,69.66,2026-03-20 16:07:03.548983,FR
8,825.8,2026-03-19 15:47:03.548983,UK
71,622.0,2026-03-24 08:56:03.548983,FR
89,24.46,2026-03-19 16:45:03.548983,UK
78,449.79,2026-03-20 09:23:03.548983,UK
68,700.44,2026-03-22 14:11:03.548983,FR
45,123.33,2026-03-21 20:50:03.548983,BR
49,615.78,2026-03-25 07:21:03.548983,US
92,6391.33,2026-03-18 16:39:03.548983,US
69,256.94,2026-03-21 07:55:03.548983,UK
63,536.93,2026-03-21 22:21:03.548983,FR
90,484.33,2026-03-22 22:46:03.548983,BR
61,16.26,2026-03-22 19:57:03.548983,UK
83,407.27,2026-03-23 21:03:03.548983,BR
88,859.67,2026-03-24 09:01:03.548983,FR
1,924.45,2026-03-21 02:54:03.548983,UK
84,69.58,2026-03-21 14:09:03.548983,FR
45,806.34,2026-03-20 15:50:03.548983,FR
100,136.98,2026-03-21 18:42:03.548983,BR
64,174.8,2026-03-24 21:58:03.548983,FR
52,778.89,2026-03-21 04:26:03.548983,UK
65,6950.22,2026-03-23 05:32:03.548983,UK
34,186.56,2026-03-22 04:50:03.548983,BR
94,588.72,2026-03-22 13:44:03.548983,FR
73,30.54,2026-03-23 17:50:03.548983,US
58,617.1,2026-03-19 09:05:03.548983,FR
72,812.64,2026-03-18 23:57:03.548983,BR
79,309.19,2026-03-25 01:40:03.548983,BR
68,537.26,2026-03-22 16:19:03.548983,BR
10,82.42,2026-03-20 21:18:03.548983,UK
31,271.85,2026-03-20 14:10:03.548983,BR
33,444.06,2026-03-22 01:22:03.548983,BR
84,325.59,2026-03-19 21:33:03.548983,UK
8,281.65,2026-03-19 19:37:03.548983,UK
79,462.56,2026-03-23 20:20:03.548983,UK
85,928.01,2026-03-22 03:39:03.548983,UK
44,116.2,2026-03-19 02:10:03.548983,UK
51,372.41,2026-03-24 10:03:03.548983,US
51,604.31,2026-03-23 16:33:03.548983,BR
5,108.37,2026-03-21 19:13:03.548983,UK
70,677.69,2026-03-24 03:13:03.548983,FR
7,493.92,2026-03-21 06:17:03.548983,UK
38,768.29,2026-03-20 07:54:03.548983,US
50,599.22,2026-03-19 19:18:03.548983,FR
64,423.44,2026-03-24 15:29:03.548983,FR
6,766.33,2026-03-20 04:23:03.548983,US
22,992.83,2026-03-20 12:36:03.548983,FR
5,14.81,2026-03-22 20:33:03.548983,US
99,63.56,2026-03-19 16:58:03.548983,US
7,887.1,2026-03-19 11:16:03.548983,FR
85,288.36,2026-03-21 20:39:03.548983,UK
36,78.21,2026-03-23 01:01:03.548983,FR
19,748.5,2026-03-19 22:39:03.548983,US
99,801.8,2026-03-18 22:36:03.548983,UK
21,799.8,2026-03-21 13:48:03.548983,FR
23,979.11,2026-03-24 16:21:03.548983,BR
70,798.76,2026-03-23 18:47:03.548983,UK
35,63.05,2026-03-20 19:20:03.548983,UK
73,617.28,2026-03-23 22:09:03.548983,UK
68,682.05,2026-03-20 10:05:03.548983,FR
78,570.47,2026-03-21 15:40:03.548983,US
77,578.96,2026-03-23 01:05:03.548983,US
54,651.59,2026-03-25 00:50:03.548983,BR
7,834.53,2026-03-22 05:46:03.548983,FR
75,93.53,2026-03-19 21:20:03.548983,UK
2,546.96,2026-03-19 02:26:03.548983,FR
30,378.06,2026-03-22 04:40:03.548983,FR
24,658.28,2026-03-22 18:43:03.548983,FR
8,735.21,2026-03-23 03:06:03.548983,US
67,93.18,2026-03-25 01:44:03.548983,US
92,111.75,2026-03-20 16:05:03.548983,FR
2,791.64,2026-03-19 05:34:03.548983,US
96,430.78,2026-03-22 11:00:03.548983,UK
52,935.39,2026-03-23 11:23:03.548983,US
55,613.73,2026-03-24 11:26:03.548983,FR
12,299.7,2026-03-20 21:28:03.548983,US
59,577.08,2026-03-19 22:06:03.548983,UK
45,863.56,2026-03-24 13:41:03.548983,US
58,311.28,2026-03-22 18:22:03.548983,US
74,665.93,2026-03-22 08:44:03.548983,UK
84,269.77,2026-03-24 01:50:03.548983,FR
93,84.17,2026-03-18 23:01:03.548983,UK
12,572.85,2026-03-20 21:31:03.548983,UK
74,5901.53,2026-03-24 08:43:03.548983,FR
19,718.14,2026-03-20 02:01:03.548983,BR
70,753.4,2026-03-25 03:56:03.548983,BR
25,564.38,2026-03-19 04:10:03.548983,BR
2,782.91,2026-03-24 15:28:03.548983,UK
92,603.91,2026-03-22 19:27:03.548983,BR
98,470.11,2026-03-20 21:00:03.548983,US
81,716.32,2026-03-24 13:39:03.548983,UK
5,90.85,2026-03-21 13:12:03.548983,US
53,561.23,2026-03-24 12:55:03.548983,BR
38,82.96,2026-03-20 21:05:03.548983,FR
43,344.0,2026-03-20 13:25:03.548983,UK
19,262.94,2026-03-19 00:48:03.548983,FR
1,243.63,2026-03-24 05:18:03.548983,FR
99,898.61,2026-03-19 03:00:03.548983,UK
84,951.67,2026-03-23 04:13:03.548983,BR
23,484.09,2026-03-22 00:11:03.548983,UK
63,480.86,2026-03-19 06:58:03.548983,UK
90,479.92,2026-03-21 01:34:03.548983,US
29,152.42,2026-03-19 04:47:03.548983,UK
58,876.38,2026-03-25 09:06:03.548983,US
62,701.0,2026-03-22 03:40:03.548983,FR
31,713.71,2026-03-24 02:52:03.548983,BR
43,8713.38,2026-03-21 05:36:03.548983,BR
12,511.78,2026-03-23 19:49:03.548983,FR
27,566.99,2026-03-19 03:55:03.548983,FR
67,912.04,2026-03-21 11:01:03.548983,FR
15,867.06,2026-03-19 20:59:03.548983,US
50,382.95,2026-03-22 04:27:03.548983,BR
85,653.1,2026-03-24 08:20:03.548983,US
71,653.28,2026-03-20 03:05:03.548983,UK
79,599.96,2026-03-23 16:57:03.548983,BR
50,554.11,2026-03-25 05:23:03.548983,UK
12,548.9,2026-03-24 13:43:03.548983,US
73,176.49,2026-03-21 20:45:03.548983,UK
79,812.88,2026-03-20 16:58:03.548983,UK
49,124.52,2026-03-21 02:57:03.548983,BR
89,798.54,2026-03-22 17:38:03.548983,FR
65,343.41,2026-03-22 07:01:03.548983,US
27,556.96,2026-03-20 22:43:03.548983,US
47,209.1,2026-03-22 11:28:03.548983,BR
42,461.57,2026-03-23 11:13:03.548983,US
56,561.88,2026-03-24 20:01:03.548983,BR
98,18.82,2026-03-22 13:32:03.548983,UK
54,437.41,2026-03-20 11:27:03.548983,BR
100,234.78,2026-03-24 07:02:03.548983,US
6,579.02,2026-03-23 23:44:03.548983,FR
6,506.99,2026-03-20 11:17:03.548983,BR
16,249.08,2026-03-20 01:10:03.548983,FR
41,728.19,2026-03-19 12:49:03.548983,FR
63,431.93,2026-03-25 11:45:03.548983,FR
74,748.0,2026-03-18 16:36:03.548983,FR
27,483.53,2026-03-18 20:54:03.548983,BR
44,476.83,2026-03-19 10:15:03.548983,BR
68,414.67,2026-03-20 07:06:03.548983,BR
72,158.02,2026-03-20 04:05:03.548983,US
10,928.97,2026-03-20 06:12:03.548983,FR
88,53.94,2026-03-18 16:49:03.548983,UK
66,543.71,2026-03-18 13:50:03.548983,BR
83,545.92,2026-03-18 23:42:03.548983,US
65,540.9,2026-03-20 13:51:03.548983,BR
81,216.42,2026-03-25 09:32:03.548983,FR
23,922.62,2026-03-25 10:20:03.548983,UK
80,419.25,2026-03-23 09:22:03.548983,US
62,921.15,2026-03-20 20:44:03.548983,FR
56,8020.26,2026-03-24 07:23:03.548983,FR
72,7691.72,2026-03-21 19:23:03.548983,UK
99,146.8,2026-03-21 18:45:03.548983,UK
30,153.63,2026-03-20 14:56:03.548983,FR
23,31.2,2026-03-25 00:39:03.548983,BR
75,972.37,2026-03-25 07:08:03.548983,US
88,349.77,2026-03-24 07:21:03.548983,UK
18,36.74,2026-03-21 09:32:03.548983,FR
11,610.65,2026-03-20 02:37:03.548983,FR
33,472.77,2026-03-21 02:23:03.548983,FR
38,9584.69,2026-03-21 15:36:03.548983,UK
52,302.97,2026-03-22 00:08:03.548983,FR
10,294.78,2026-03-25 08:45:03.548983,BR
21,366.09,2026-03-24 14:17:03.548983,UK
81,142.32,2026-03-23 02:49:03.548983,US
61,649.97,2026-03-20 14:32:03.548983,BR
97,191.34,2026-03-20 04:49:03.548983,US
62,609.16,2026-03-21 14:20:03.548983,US
37,733.35,2026-03-21 07:26:03.548983,FR
8,4748.67,2026-03-24 22:26:03.548983,BR
95,991.08,2026-03-23 00:03:03.548983,UK
60,599.05,2026-03-18 21:45:03.548983,US
44,729.65,2026-03-18 17:14:03.548983,US
15,4094.14,2026-03-23 18:05:03.548983,UK
39,3022.11,2026-03-23 17:17:03.548983,UK
40,221.33,2026-03-24 12:42:03.548983,FR
68,253.44,2026-03-21 10:17:03.548983,FR
76,292.87,2026-03-20 23:44:03.548983,US
57,364.22,2026-03-21 20:04:03.548983,FR
67,399.45,2026-03-22 16:05:03.548983,FR
100,242.11,2026-03-24 05:16:03.548983,US
45,911.64,2026-03-24 18:37:03.548983,US
45,728.33,2026-03-21 08:20:03.548983,BR
75,6939.63,2026-03-18 15:50:03.548983,US
59,121.22,2026-03-22 16:57:03.548983,BR
93,21.1,2026-03-20 10:11:03.548983,UK
37,241.77,2026-03-20 08:39:03.548983,BR
60,380.6,2026-03-21 12:26:03.548983,BR
97,147.22,2026-03-24 16:59:03.548983,UK
98,624.81,2026-03-19 17:34:03.548983,US
77,797.35,2026-03-22 02:06:03.548983,BR
48,929.01,2026-03-21 22:30:03.548983,UK
41,183.0,2026-03-20 17:42:03.548983,FR
52,369.81,2026-03-25 08:41:03.548983,US
27,540.17,2026-03-19 13:19:03.548983,FR
52,57.79,2026-03-20 10:40:03.548983,US
49,577.11,2026-03-19 15:49:03.548983,US
22,70.1,2026-03-23 08:21:03.548983,US
46,513.75,2026-03-23 03:39:03.548983,UK
53,480.92,2026-03-24 01:42:03.548983,BR
26,982.89,2026-03-22 18:10:03.548983,UK
22,98.39,2026-03-24 23:39:03.548983,FR
3,62.18,2026-03-22 18:38:03.548983,US
86,83.6,2026-03-21 22:20:03.548983,UK
90,9450.4,2026-03-23 00:00:03.548983,US
79,177.65,2026-03-24 22:22:03.548983,FR
30,111.16,2026-03-19 18:45:03.548983,BR
78,424.51,2026-03-22 21:13:03.548983,US
28,389.41,2026-03-21 14:27:03.548983,US
44,14.52,2026-03-24 19:13:03.548983,FR
42,115.78,2026-03-23 00:16:03.548983,BR
40,653.65,2026-03-20 09:58:03.548983,US
55,723.94,2026-03-23 08:31:03.548983,BR
37,470.98,2026-03-20 06:31:03.548983,US
54,667.15,2026-03-22 12:40:03.548983,UK
27,80.59,2026-03-25 11:39:03.548983,US
6,817.86,2026-03-25 05:22:03.548983,UK
9,176.65,2026-03-18 17:49:03.548983,UK
9,899.74,2026-03-23 01:58:03.548983,FR
13,740.53,2026-03-21 21:24:03.548983,FR
96,17.09,2026-03-21 11:04:03.548983,FR
89,74.97,2026-03-25 05:08:03.548983,UK
26,264.84,2026-03-21 14:04:03.548983,BR
76,374.65,2026-03-24 14:58:03.548983,UK
34,601.13,2026-03-24 07:06:03.548983,FR
45,238.74,2026-03-21 02:24:03.548983,UK
66,769.81,2026-03-19 01:58:03.548983,FR
95,216.65,2026-03-25 03:29:03.548983,US
51,991.35,2026-03-19 11:28:03.548983,UK
55,221.43,2026-03-21 01:36:03.548983,BR
61,893.42,2026-03-24 03:49:03.548983,US
5,363.82,2026-03-25 06:08:03.548983,UK
21,96.14,2026-03-24 04:37:03.548983,UK
2,87.42,2026-03-20 06:26:03.548983,BR
22,19.72,2026-03-25 04:59:03.548983,US
40,571.03,2026-03-22 20:34:03.548983,BR
55,209.44,2026-03-21 22:48:03.548983,BR
49,861.35,2026-03-25 05:14:03.548983,FR
39,949.28,2026-03-19 01:22:03.548983,BR
100,295.29,2026-03-20 21:28:03.548983,FR
19,649.63,2026-03-22 22:29:03.548983,UK
66,487.45,2026-03-21 03:17:03.548983,UK
21,280.56,2026-03-21 00:13:03.548983,FR
65,393.68,2026-03-24 02:27:03.548983,UK
58,535.71,2026-03-19 23:31:03.548983,BR
50,36.58,2026-03-22 12:57:03.548983,UK
91,914.48,2026-03-22 09:45:03.548983,US
73,74.38,2026-03-20 20:39:03.548983,UK
1,23.26,2026-03-18 15:27:03.548983,UK
72,861.18,2026-03-20 06:20:03.548983,US
38,7800.12,2026-03-19 16:02:03.548983,US
64,99.91,2026-03-20 06:55:03.548983,FR
77,551.72,2026-03-19 22:34:03.548983,BR
41,982.69,2026-03-22 01:00:03.548983,UK
44,491.34,2026-03-18 14:45:03.548983,UK
38,965.16,2026-03-20 22:02:03.548983,BR
19,32.81,2026-03-24 19:26:03.548983,FR
100,220.27,2026-03-22 07:05:03.548983,FR
41,174.51,2026-03-20 08:33:03.548983,UK
86,262.02,2026-03-20 00:20:03.548983,UK
29,952.55,2026-03-19 09:23:03.548983,BR
84,860.49,2026-03-21 15:13:03.548983,FR
45,797.82,2026-03-22 16:50:03.548983,US
75,83.74,2026-03-20 13:07:03.548983,US
74,628.62,2026-03-25 01:41:03.548983,BR
27,110.37,2026-03-24 11:41:03.548983,BR
97,127.48,2026-03-19 06:12:03.548983,UK
76,958.51,2026-03-19 11:45:03.548983,FR
31,431.67,2026-03-25 10:58:03.548983,FR
10,637.75,2026-03-23 00:31:03.548983,BR
76,332.27,2026-03-22 18:18:03.548983,UK
81,877.3,2026-03-20 08:34:03.548983,BR
62,689.74,2026-03-23 13:38:03.548983,FR
71,912.4,2026-03-21 09:33:03.548983,FR
29,125.45,2026-03-21 23:58:03.548983,UK
89,804.04,2026-03-23 03:15:03.548983,FR
37,318.58,2026-03-20 18:26:03.548983,BR
13,653.21,2026-03-18 20:55:03.548983,FR
13,512.13,2026-03-20 06:56:03.548983,US
30,7898.59,2026-03-19 20:20:03.548983,FR
98,588.6,2026-03-22 14:17:03.548983,FR
75,72.54,2026-03-20 00:46:03.548983,BR
22,636.59,2026-03-21 08:29:03.548983,UK
12,690.3,2026-03-25 04:25:03.548983,FR
70,205.52,2026-03-20 06:50:03.548983,UK
97,447.32,2026-03-20 08:07:03.548983,BR
43,258.19,2026-03-24 02:02:03.548983,UK
40,682.77,2026-03-22 01:03:03.548983,US
80,332.09,2026-03-25 11:17:03.548983,FR
93,956.85,2026-03-19 15:57:03.548983,UK
52,34.23,2026-03-19 06:43:03.548983,BR
64,133.88,2026-03-24 18:02:03.548983,UK
25,404.9,2026-03-23 16:03:03.548983,BR
54,4785.96,2026-03-24 13:48:03.548983,FR
45,888.17,2026-03-25 05:43:03.548983,FR
31,517.73,2026-03-22 05:05:03.548983,US
32,38.15,2026-03-24 03:21:03.548983,US
8,6208.68,2026-03-22 06:48:03.548983,US
25,243.75,2026-03-24 00:48:03.548983,BR
74,305.04,2026-03-18 15:50:03.548983,US
21,38.47,2026-03-18 22:42:03.548983,US
79,99.1,2026-03-23 04:06:03.548983,BR
72,384.22,2026-03-22 07:00:03.548983,BR
27,709.29,2026-03-24 15:50:03.548983,UK
25,345.86,2026-03-24 13:36:03.548983,US
31,876.46,2026-03-24 15:39:03.548983,BR
80,180.78,2026-03-23 12:30:03.548983,BR
14,168.39,2026-03-24 22:57:03.548983,UK
29,637.27,2026-03-18 17:20:03.548983,FR
42,545.94,2026-03-22 16:57:03.548983,UK
63,367.07,2026-03-18 17:05:03.548983,UK
42,263.78,2026-03-24 02:52:03.548983,UK
69,475.7,2026-03-25 12:00:03.548983,FR
61,481.69,2026-03-22 23:48:03.548983,BR
26,896.35,2026-03-18 15:53:03.548983,US
38,271.79,2026-03-18 16:24:03.548983,FR
2,56.93,2026-03-19 01:07:03.548983,FR
4,136.81,2026-03-18 20:32:03.548983,UK
59,601.92,2026-03-20 11:07:03.548983,BR
28,285.56,2026-03-20 13:35:03.548983,US
11,833.46,2026-03-22 15:31:03.548983,FR
7,596.23,2026-03-20 12:01:03.548983,FR
41,892.55,2026-03-25 02:55:03.548983,BR
86,649.53,2026-03-22 22:31:03.548983,US
39,910.89,2026-03-25 07:50:03.548983,FR
93,788.3,2026-03-22 17:42:03.548983,UK
22,121.51,2026-03-24 12:07:03.548983,FR
9,966.45,2026-03-21 04:28:03.548983,US
23,566.61,2026-03-20 17:31:03.548983,FR
63,721.31,2026-03-21 21:45:03.548983,US
37,77.62,2026-03-19 11:12:03.548983,BR
42,208.24,2026-03-22 02:02:03.548983,UK
49,980.58,2026-03-20 01:59:03.548983,FR
50,45.11,2026-03-20 21:56:03.548983,FR
3,490.9,2026-03-21 12:48:03.548983,UK
15,241.32,2026-03-21 21:38:03.548983,US
55,162.47,2026-03-21 23:24:03.548983,FR
61,92.85,2026-03-23 16:02:03.548983,UK
82,765.42,2026-03-18 21:19:03.548983,US
49,936.06,2026-03-23 20:35:03.548983,FR
66,403.69,2026-03-21 22:41:03.548983,US
53,788.46,2026-03-22 13:04:03.548983,FR
37,753.57,2026-03-23 07:16:03.548983,BR
60,107.88,2026-03-19 02:56:03.548983,BR
53,837.0,2026-03-23 16:39:03.548983,US
15,16.75,2026-03-21 18:20:03.548983,BR
96,545.11,2026-03-19 22:13:03.548983,FR
2,836.99,2026-03-19 12:42:03.548983,UK
100,634.38,2026-03-19 20:43:03.548983,FR
32,112.56,2026-03-23 16:45:03.548983,BR
37,650.7,2026-03-21 06:19:03.548983,FR
46,80.08,2026-03-23 17:53:03.548983,UK
74,235.93,2026-03-25 09:16:03.548983,BR
24,504.95,2026-03-25 09:00:03.548983,US
87,518.05,2026-03-25 08:27:03.548983,US
78,724.67,2026-03-21 12:04:03.548983,UK
91,165.18,2026-03-25 01:22:03.548983,BR
78,150.75,2026-03-21 21:22:03.548983,BR
33,772.17,2026-03-21 06:23:03.548983,UK
28,49.19,2026-03-23 02:34:03.548983,UK
64,378.65,2026-03-22 05:38:03.548983,UK
27,156.48,2026-03-22 03:34:03.548983,BR
14,694.37,2026-03-24 04:05:03.548983,FR
41,442.48,2026-03-24 00:36:03.548983,BR
59,946.92,2026-03-18 23:17:03.548983,UK
52,48.64,2026-03-24 20:32:03.548983,US
92,728.09,2026-03-18 13:42:03.548983,FR
89,659.4,2026-03-23 23:22:03.548983,US
9,9265.19,2026-03-19 21:37:03.548983,FR
12,270.33,2026-03-18 22:55:03.548983,BR
87,320.18,2026-03-19 05:14:03.548983,BR
22,561.06,2026-03-24 16:43:03.548983,FR
48,605.53,2026-03-21 04:41:03.548983,FR
85,893.39,2026-03-22 07:00:03.548983,US
10,431.2,2026-03-21 16:32:03.548983,US
51,830.31,2026-03-19 01:08:03.548983,BR
81,750.24,2026-03-21 02:18:03.548983,BR
40,335.6,2026-03-22 05:01:03.548983,BR
84,516.56,2026-03-25 05:35:03.548983,UK
65,33.94,2026-03-24 22:05:03.548983,UK
77,103.64,2026-03-21 12:37:03.548983,FR
90,126.54,2026-03-20 20:05:03.548983,BR
68,684.5,2026-03-19 23:15:03.548983,FR
42,5813.14,2026-03-20 00:23:03.548983,BR
80,866.86,2026-03-25 12:14:03.548983,BR
52,160.47,2026-03-21 08:56:03.548983,UK
52,109.61,2026-03-22 11:58:03.548983,BR
32,861.13,2026-03-25 07:12:03.548983,FR
74,670.65,2026-03-24 16:13:03.548983,FR
90,448.2,2026-03-21 20:39:03.548983,BR
35,807.62,2026-03-19 10:15:03.548983,BR
2,4097.33,2026-03-23 10:19:03.548983,UK
100,961.7,2026-03-23 01:57:03.548983,BR
34,235.48,2026-03-24 18:42:03.548983,US
9,388.0,2026-03-20 00:20:03.548983,US
10,419.67,2026-03-23 16:51:03.548983,UK
1,880.02,2026-03-21 12:55:03.548983,UK
73,752.22,2026-03-23 13:04:03.548983,US
55,811.64,2026-03-21 15:36:03.548983,UK
59,188.53,2026-03-22 01:45:03.548983,UK
72,155.87,2026-03-19 17:33:03.548983,US
29,683.16,2026-03-21 15:16:03.548983,UK
57,241.44,2026-03-20 07:33:03.548983,FR
29,757.53,2026-03-18 23:43:03.548983,FR
69,715.9,2026-03-20 22:37:03.548983,BR
32,844.75,2026-03-20 06:00:03.548983,US
87,385.22,2026-03-20 10:41:03.548983,FR
40,46.59,2026-03-18 19:37:03.548983,US
19,823.97,2026-03-22 07:14:03.548983,US
73,269.83,2026-03-19 15:22:03.548983,BR
18,212.67,2026-03-19 00:31:03.548983,UK
19,723.54,2026-03-18 15:37:03.548983,US
57,460.98,2026-03-25 00:00:03.548983,US
57,422.77,2026-03-19 15:55:03.548983,FR
35,782.78,2026-03-20 12:29:03.548983,FR
21,822.8,2026-03-22 08:29:03.548983,FR
2,634.95,2026-03-25 12:15:03.548983,UK
75,970.19,2026-03-21 05:16:03.548983,UK
33,342.37,2026-03-20 14:10:03.548983,UK
91,611.04,2026-03-24 08:52:03.548983,BR
49,685.43,2026-03-23 20:20:03.548983,FR
27,826.61,2026-03-19 04:48:03.548983,US
61,734.62,2026-03-24 03:11:03.548983,UK
47,351.95,2026-03-20 10:06:03.548983,BR
77,720.38,2026-03-24 05:16:03.548983,BR
44,586.28,2026-03-21 01:32:03.548983,UK
44,499.84,2026-03-22 05:34:03.548983,UK
13,498.06,2026-03-21 06:19:03.548983,BR
19,119.3,2026-03-22 19:40:03.548983,BR
48,209.36,2026-03-20 11:01:03.548983,UK
10,298.63,2026-03-19 01:17:03.548983,BR
64,309.74,2026-03-22 15:30:03.548983,BR
85,300.23,2026-03-25 06:48:03.548983,FR
85,112.95,2026-03-21 03:03:03.548983,US
35,625.51,2026-03-19 20:57:03.548983,BR
9,538.24,2026-03-21 16:40:03.548983,US
77,217.17,2026-03-20 12:44:03.548983,FR
39,746.11,2026-03-23 18:46:03.548983,UK
15,364.11,2026-03-25 05:52:03.548983,BR
73,602.61,2026-03-21 01:51:03.548983,US
81,124.21,2026-03-23 14:04:03.548983,US
66,226.19,2026-03-23 11:49:03.548983,UK
12,957.31,2026-03-19 05:36:03.548983,US
36,211.62,2026-03-19 00:42:03.548983,UK
90,490.9,2026-03-20 01:32:03.548983,FR
52,315.51,2026-03-20 18:31:03.548983,BR
28,862.86,2026-03-24 05:09:03.548983,US
6,638.92,2026-03-23 20:38:03.548983,BR
37,116.22,2026-03-22 10:25:03.548983,FR
66,774.31,2026-03-21 02:27:03.548983,UK
38,749.66,2026-03-20 12:24:03.548983,US
12,225.92,2026-03-24 19:36:03.548983,BR
98,581.49,2026-03-22 12:45:03.548983,FR
63,644.5,2026-03-20 23:53:03.548983,UK
47,104.58,2026-03-20 15:51:03.548983,UK
43,467.2,2026-03-24 19:28:03.548983,FR
67,140.89,2026-03-24 02:43:03.548983,US
68,475.65,2026-03-22 12:37:03.548983,UK
60,670.22,2026-03-20 02:25:03.548983,BR
23,855.56,2026-03-23 13:45:03.548983,FR
49,109.47,2026-03-18 20:11:03.548983,UK
31,756.26,2026-03-21 03:18:03.548983,FR
41,543.54,2026-03-20 08:43:03.548983,UK
98,933.98,2026-03-23 20:38:03.548983,US
22,653.33,2026-03-19 20:50:03.548983,BR
19,916.24,2026-03-25 11:40:03.548983,US
59,209.96,2026-03-24 00:35:03.548983,US
72,995.07,2026-03-20 08:20:03.548983,UK
47,329.51,2026-03-22 04:21:03.548983,FR
50,479.68,2026-03-24 09:21:03.548983,US
54,222.51,2026-03-24 07:24:03.548983,UK
10,666.33,2026-03-19 12:27:03.548983,BR
99,38.91,2026-03-19 05:43:03.548983,BR
78,74.3,2026-03-22 00:06:03.548983,US
3,234.84,2026-03-24 15:26:03.548983,FR
91,170.91,2026-03-20 21:08:03.548983,BR
7,8708.43,2026-03-23 08:43:03.548983,UK
7,859.87,2026-03-22 03:24:03.548983,UK
35,16.43,2026-03-24 20:48:03.548983,US
63,92.06,2026-03-24 09:55:03.548983,UK
54,587.97,2026-03-19 07:24:03.548983,BR
42,536.46,2026-03-23 10:17:03.548983,US
10,577.42,2026-03-23 03:40:03.548983,US
94,59.47,2026-03-19 00:51:03.548983,UK
59,3677.08,2026-03-21 03:34:03.548983,UK
1,571.99,2026-03-21 12:44:03.548983,UK
82,252.82,2026-03-19 14:43:03.548983,US
36,425.93,2026-03-22 10:28:03.548983,BR
88,899.93,2026-03-24 13:41:03.548983,FR
85,425.7,2026-03-19 19:40:03.548983,FR
72,674.44,2026-03-24 23:10:03.548983,UK
2,93.71,2026-03-25 03:13:03.548983,FR
78,226.63,2026-03-19 14:05:03.548983,UK
99,611.49,2026-03-19 00:57:03.548983,FR
85,301.05,2026-03-20 14:11:03.548983,FR
29,967.82,2026-03-20 15:52:03.548983,BR
83,322.43,2026-03-19 18:22:03.548983,BR
62,5162.19,2026-03-19 11:10:03.548983,UK
47,570.71,2026-03-21 17:10:03.548983,US
9,8262.9,2026-03-23 01:56:03.548983,BR
19,140.42,2026-03-23 12:00:03.548983,FR
35,358.17,2026-03-23 16:11:03.548983,BR
25,245.26,2026-03-22 09:05:03.548983,FR
7,581.83,2026-03-25 12:18:03.548983,BR
39,654.23,2026-03-24 21:56:03.548983,FR
93,555.3,2026-03-22 13:55:03.548983,US
70,682.53,2026-03-24 06:26:03.548983,BR
16,730.2,2026-03-23 06:07:03.548983,US
8,83.73,2026-03-20 03:36:03.548983,BR
68,823.62,2026-03-24 11:55:03.548983,UK
100,678.14,2026-03-21 20:40:03.548983,FR
87,623.46,2026-03-22 14:15:03.548983,BR
39,822.07,2026-03-22 06:05:03.548983,BR
89,663.96,2026-03-22 00:59:03.548983,US
37,492.39,2026-03-24 10:05:03.548983,FR
52,155.94,2026-03-20 01:20:03.548983,FR
99,46.05,2026-03-19 00:55:03.548983,UK
43,948.83,2026-03-21 12:46:03.548983,FR
41,494.8,2026-03-18 20:00:03.548983,FR
100,7451.02,2026-03-23 19:06:03.548983,US
4,625.11,2026-03-23 08:58:03.548983,FR
40,435.1,2026-03-21 21:09:03.548983,US
35,899.81,2026-03-22 19:24:03.548983,US
58,64.77,2026-03-20 23:21:03.548983,UK
72,111.64,2026-03-20 22:51:03.548983,UK
7,212.44,2026-03-20 10:37:03.548983,FR
93,170.12,2026-03-25 00:36:03.548983,BR
52,259.19,2026-03-22 00:47:03.548983,UK
57,79.55,2026-03-19 17:50:03.548983,UK
6,394.36,2026-03-20 15:01:03.548983,US
54,570.94,2026-03-23 04:45:03.548983,BR
1,708.18,2026-03-23 11:36:03.548983,US
18,321.9,2026-03-21 00:49:03.548983,BR
45,925.92,2026-03-20 23:16:03.548983,FR
26,856.06,2026-03-22 13:56:03.548983,BR
53,781.87,2026-03-22 10:47:03.548983,US
39,694.23,2026-03-21 00:55:03.548983,BR
100,498.61,2026-03-22 06:13:03.548983,BR
23,148.04,2026-03-24 05:14:03.548983,FR
59,609.91,2026-03-22 16:39:03.548983,UK
78,958.74,2026-03-22 21:54:03.548983,UK
1,3430.55,2026-03-22 23:21:03.548983,UK
59,622.3,2026-03-24 12:02:03.548983,UK
72,446.67,2026-03-21 08:00:03.548983,US
48,305.48,2026-03-24 21:45:03.548983,FR
2,646.37,2026-03-24 07:33:03.548983,UK
41,631.13,2026-03-23 23:54:03.548983,FR
60,665.74,2026-03-20 20:01:03.548983,UK
61,707.58,2026-03-21 15:28:03.548983,UK
58,828.29,2026-03-25 10:37:03.548983,BR
58,954.53,2026-03-20 20:01:03.548983,BR
34,3359.33,2026-03-21 14:25:03.548983,BR
62,390.69,2026-03-20 23:35:03.548983,BR
54,579.64,2026-03-20 06:32:03.548983,BR
42,994.58,2026-03-22 08:42:03.548983,US
66,946.09,2026-03-23 12:04:03.548983,US
100,207.81,2026-03-21 12:14:03.548983,US
33,357.27,2026-03-24 05:57:03.548983,BR
43,173.95,2026-03-20 01:03:03.548983,BR
43,293.13,2026-03-18 21:37:03.548983,UK
82,192.06,2026-03-20 17:56:03.548983,FR
75,941.79,2026-03-23 18:52:03.548983,US
39,525.22,2026-03-25 02:44:03.548983,FR
51,970.51,2026-03-22 15:40:03.548983,BR
30,336.26,2026-03-21 10:38:03.548983,FR
49,849.35,2026-03-22 09:16:03.548983,UK
51,872.73,2026-03-24 12:27:03.548983,FR
64,784.98,2026-03-19 17:36:03.548983,FR
26,93.55,2026-03-22 10:13:03.548983,BR
65,208.08,2026-03-24 17:54:03.548983,BR
73,662.09,2026-03-22 23:12:03.548983,BR
26,6775.67,2026-03-22 10:36:03.548983,US
35,447.13,2026-03-25 00:33:03.548983,BR
93,469.93,2026-03-24 04:28:03.548983,UK
72,953.03,2026-03-18 13:39:03.548983,UK
52,190.38,2026-03-22 11:08:03.548983,US
9,518.0,2026-03-20 05:38:03.548983,US
4,823.16,2026-03-24 06:01:03.548983,US
26,508.9,2026-03-21 05:26:03.548983,US
56,969.74,2026-03-19 17:57:03.548983,US
68,616.0,2026-03-24 01:15:03.548983,UK
8,110.37,2026-03-19 02:25:03.548983,US
5,960.82,2026-03-20 09:54:03.548983,US
4,361.01,2026-03-23 23:13:03.548983,FR
15,222.82,2026-03-22 06:16:03.548983,US
77,621.51,2026-03-24 20:22:03.548983,US
34,215.87,2026-03-25 06:51:03.548983,US
40,587.86,2026-03-18 15:16:03.548983,BR
23,488.93,2026-03-20 00:25:03.548983,BR
58,949.72,2026-03-21 05:56:03.548983,UK
86,102.58,2026-03-23 21:33:03.548983,US
12,704.33,2026-03-18 23:57:03.548983,UK
14,443.21,2026-03-23 03:07:03.548983,UK
86,849.35,2026-03-23 09:36:03.548983,UK
15,21.68,2026-03-21 12:32:03.548983,BR
18,980.35,2026-03-19 15:47:03.548983,BR
43,732.4,2026-03-19 07:28:03.548983,US
33,583.92,2026-03-21 15:39:03.548983,US
18,198.64,2026-03-21 12:27:03.548983,US
57,190.25,2026-03-24 06:33:03.548983,UK
71,807.92,2026-03-21 03:02:03.548983,US
42,243.22,2026-03-21 23:27:03.548983,FR
61,9929.34,2026-03-22 21:46:03.548983,BR
1,446.12,2026-03-19 18:46:03.548983,US
51,659.02,2026-03-23 07:00:03.548983,BR
3,657.25,2026-03-22 21:36:03.548983,BR
94,6272.21,2026-03-23 17:21:03.548983,US
39,906.08,2026-03-23 17:12:03.548983,BR
76,589.92,2026-03-20 08:23:03.548983,BR
41,635.71,2026-03-24 13:05:03.548983,UK
83,429.71,2026-03-19 06:48:03.548983,BR
75,5931.02,2026-03-22 14:32:03.548983,US
81,161.64,2026-03-19 18:52:03.548983,UK
69,275.51,2026-03-21 03:56:03.548983,US
29,190.75,2026-03-20 17:11:03.548983,BR
86,609.14,2026-03-20 03:01:03.548983,US
31,208.65,2026-03-20 16:50:03.548983,UK
29,616.82,2026-03-24 01:48:03.548983,FR
76,965.25,2026-03-24 00:29:03.548983,US
84,397.12,2026-03-20 17:33:03.548983,FR
35,583.84,2026-03-18 22:39:03.548983,FR
55,956.56,2026-03-22 09:12:03.548983,UK
34,880.61,2026-03-21 03:49:03.548983,US
62,471.5,2026-03-24 22:55:03.548983,BR
59,9557.44,2026-03-20 21:45:03.548983,US
22,962.79,2026-03-19 00:51:03.548983,US
38,338.76,2026-03-20 17:49:03.548983,BR
79,665.12,2026-03-22 19:09:03.548983,US
41,157.06,2026-03-25 01:02:03.548983,FR
39,260.9,2026-03-23 12:18:03.548983,FR
92,371.22,2026-03-20 05:26:03.548983,UK
77,548.84,2026-03-22 04:07:03.548983,UK
9,785.93,2026-03-20 14:33:03.548983,US
15,546.92,2026-03-21 16:30:03.548983,UK
88,613.89,2026-03-21 00:55:03.548983,UK
95,64.2,2026-03-18 19:17:03.548983,FR
8,263.72,2026-03-24 06:27:03.548983,US
45,7771.29,2026-03-21 18:41:03.548983,BR
42,895.95,2026-03-24 13:00:03.548983,UK
73,39.32,2026-03-19 06:40:03.548983,UK
34,295.6,2026-03-18 14:01:03.548983,FR
88,389.29,2026-03-22 21:39:03.548983,FR
10,958.13,2026-03-24 18:46:03.548983,BR
52,874.83,2026-03-19 15:55:03.548983,US
38,101.66,2026-03-18 15:53:03.548983,BR
49,424.14,2026-03-23 08:57:03.548983,BR
27,890.51,2026-03-22 09:14:03.548983,UK
60,337.99,2026-03-18 17:47:03.548983,US
96,581.37,2026-03-24 14:38:03.548983,FR
20,42.89,2026-03-21 10:01:03.548983,US
9,329.38,2026-03-25 07:05:03.548983,UK
9,963.66,2026-03-20 09:56:03.548983,BR
59,806.49,2026-03-21 05:12:03.548983,UK
86,279.83,2026-03-25 10:18:03.548983,BR
96,158.58,2026-03-20 01:31:03.548983,UK
54,584.96,2026-03-23 17:05:03.548983,UK
86,834.59,2026-03-22 04:41:03.548983,US
3,4502.89,2026-03-21 12:22:03.548983,FR
63,63.03,2026-03-21 23:45:03.548983,FR
12,657.2,2026-03-21 12:36:03.548983,BR
90,412.53,2026-03-21 09:12:03.548983,US
60,130.6,2026-03-21 20:26:03.548983,BR
24,193.56,2026-03-22 20:41:03.548983,BR
74,306.18,2026-03-24 13:57:03.548983,FR
60,939.36,2026-03-21 23:25:03.548983,UK
29,993.81,2026-03-23 22:49:03.548983,UK
35,317.74,2026-03-18 17:53:03.548983,UK
94,3442.84,2026-03-21 09:39:03.548983,US
82,151.9,2026-03-24 17:28:03.548983,FR
87,574.61,2026-03-18 23:57:03.548983,UK
50,647.39,2026-03-20 22:40:03.548983,UK
94,980.88,2026-03-20 11:46:03.548983,US
78,620.21,2026-03-19 22:43:03.548983,US
81,97.23,2026-03-19 13:43:03.548983,FR
15,614.88,2026-03-21 00:01:03.548983,UK
64,518.3,2026-03-22 07:50:03.548983,UK
1,606.76,2026-03-20 03:29:03.548983,BR
92,456.86,2026-03-22 01:41:03.548983,US
87,549.15,2026-03-18 23:37:03.548983,FR
57,848.85,2026-03-25 09:17:03.548983,US
7,861.14,2026-03-22 14:25:03.548983,UK
77,587.5,2026-03-18 16:02:03.548983,FR
19,291.49,2026-03-19 14:27:03.548983,BR
44,8459.27,2026-03-20 13:07:03.548983,UK
11,884.05,2026-03-23 09:40:03.548983,US
73,546.07,2026-03-23 12:19:03.548983,US
19,557.83,2026-03-20 07:35:03.548983,UK
27,5579.19,2026-03-21 18:41:03.548983,BR
13,754.09,2026-03-23 22:36:03.548983,US
36,76.15,2026-03-24 10:53:03.548983,UK
78,627.63,2026-03-19 06:33:03.548983,BR
53,894.34,2026-03-21 13:19:03.548983,UK
63,365.42,2026-03-21 19:07:03.548983,UK
48,409.32,2026-03-23 06:51:03.548983,UK
46,884.92,2026-03-21 05:49:03.548983,FR
26,268.95,2026-03-21 11:47:03.548983,US
83,4891.15,2026-03-24 07:34:03.548983,UK
16,909.04,2026-03-21 08:14:03.548983,US
94,766.28,2026-03-22 15:06:03.548983,UK
86,467.66,2026-03-21 19:12:03.548983,BR
42,964.02,2026-03-24 05:33:03.548983,UK
56,224.64,2026-03-20 18:22:03.548983,BR
21,484.24,2026-03-22 23:17:03.548983,UK
22,333.41,2026-03-24 15:30:03.548983,US
84,5858.09,2026-03-21 00:37:03.548983,US
6,945.29,2026-03-21 04:25:03.548983,BR
19,776.27,2026-03-19 13:29:03.548983,FR
4,828.87,2026-03-19 16:26:03.548983,UK
85,387.17,2026-03-23 06:14:03.548983,BR
3,509.3,2026-03-24 09:13:03.548983,UK
60,896.2,2026-03-23 21:54:03.548983,FR
46,596.7,2026-03-20 20:59:03.548983,US
94,111.59,2026-03-18 17:02:03.548983,FR
92,530.46,2026-03-20 17:11:03.548983,US
92,552.6,2026-03-20 23:11:03.548983,FR
36,851.66,2026-03-18 14:46:03.548983,BR
94,298.33,2026-03-19 16:48:03.548983,UK
16,431.09,2026-03-19 20:35:03.548983,FR
77,542.3,2026-03-25 01:59:03.548983,BR
33,132.29,2026-03-18 22:00:03.548983,BR
26,294.53,2026-03-24 02:19:03.548983,BR
52,661.25,2026-03-20 10:37:03.548983,FR
9,648.17,2026-03-21 11:46:03.548983,BR
69,550.1,2026-03-18 22:39:03.548983,BR
21,439.13,2026-03-18 21:54:03.548983,UK
31,313.51,2026-03-25 05:21:03.548983,US
15,400.54,2026-03-20 01:06:03.548983,FR
83,342.9,2026-03-19 14:25:03.548983,US
19,828.97,2026-03-22 17:05:03.548983,US
26,947.32,2026-03-23 07:51:03.548983,BR
45,778.86,2026-03-21 19:59:03.548983,UK
50,740.62,2026-03-24 22:59:03.548983,US
64,401.27,2026-03-23 18:16:03.548983,FR
79,265.38,2026-03-18 15:49:03.548983,FR
71,5879.95,2026-03-20 09:33:03.548983,BR
26,966.14,2026-03-20 02:24:03.548983,US
87,603.46,2026-03-21 08:55:03.548983,BR
16,563.22,2026-03-22 02:11:03.548983,FR
29,580.78,2026-03-23 14:05:03.548983,UK
71,671.23,2026-03-25 07:20:03.548983,BR
89,422.36,2026-03-20 15:47:03.548983,UK
54,198.82,2026-03-18 21:46:03.548983,US
82,783.94,2026-03-18 17:42:03.548983,BR
49,88.67,2026-03-22 01:04:03.548983,US
84,584.46,2026-03-25 07:35:03.548983,US
42,463.5,2026-03-22 21:04:03.548983,BR
42,735.43,2026-03-24 03:21:03.548983,BR
73,915.08,2026-03-21 04:47:03.548983,BR
22,738.83,2026-03-21 16:13:03.548983,US
68,770.28,2026-03-20 13:31:03.548983,UK
74,477.88,2026-03-24 21:37:03.548983,FR
48,9223.54,2026-03-23 06:24:03.548983,BR
86,521.24,2026-03-19 18:00:03.548983,FR
53,90.07,2026-03-23 18:31:03.548983,BR
2,386.34,2026-03-19 07:48:03.548983,US
70,471.32,2026-03-18 18:58:03.548983,US
5,775.95,2026-03-20 12:35:03.548983,FR
20,25.63,2026-03-22 02:59:03.548983,UK
93,966.86,2026-03-19 15:05:03.548983,FR
64,227.95,2026-03-23 08:57:03.548983,BR
85,162.88,2026-03-23 22:05:03.548983,BR
82,45.15,2026-03-21 06:28:03.548983,BR
22,752.1,2026-03-24 05:30:03.548983,FR
4,952.4,2026-03-22 13:40:03.548983,BR
94,125.88,2026-03-21 10:38:03.548983,US
7,794.1,2026-03-18 21:56:03.548983,UK
55,722.75,2026-03-20 10:41:03.548983,BR
58,81.43,2026-03-19 19:16:03.548983,BR
61,736.49,2026-03-20 09:21:03.548983,US
61,746.92,2026-03-18 14:55:03.548983,US
61,974.81,2026-03-21 15:01:03.548983,US
100,941.75,2026-03-23 18:25:03.548983,UK
46,288.64,2026-03-20 15:15:03.548983,UK
29,990.98,2026-03-19 06:14:03.548983,US
43,682.62,2026-03-20 23:35:03.548983,FR
72,370.84,2026-03-20 05:33:03.548983,BR
74,834.0,2026-03-20 09:38:03.548983,BR
75,836.09,2026-03-21 07:10:03.548983,BR
69,800.94,2026-03-25 04:59:03.548983,UK
10,326.75,2026-03-21 17:35:03.548983,UK
51,602.15,2026-03-24 18:49:03.548983,BR
100,842.61,2026-03-22 17:18:03.548983,FR
4,628.44,2026-03-21 09:31:03.548983,FR
99,365.63,2026-03-20 04:26:03.548983,US
92,598.71,2026-03-24 01:18:03.548983,BR
28,538.88,2026-03-19 17:36:03.548983,US
56,394.95,2026-03-22 09:28:03.548983,BR
40,372.06,2026-03-24 22:59:03.548983,US
39,59.93,2026-03-22 01:18:03.548983,US
82,5615.0,2026-03-21 15:02:03.548983,FR
70,389.54,2026-03-25 11:47:03.548983,UK
86,75.5,2026-03-23 05:24:03.548983,FR
10,332.04,2026-03-24 08:39:03.548983,BR
31,697.67,2026-03-19 14:11:03.548983,BR
26,604.5,2026-03-22 05:33:03.548983,US
60,141.89,2026-03-24 00:11:03.548983,UK
72,472.77,2026-03-18 14:06:03.548983,UK
80,534.65,2026-03-20 09:09:03.548983,US
91,165.64,2026-03-22 05:18:03.548983,BR
6,457.17,2026-03-19 02:57:03.548983,US
54,296.45,2026-03-23 08:45:03.548983,UK
40,243.15,2026-03-24 20:43:03.548983,US
93,288.68,2026-03-20 11:45:03.548983,US
43,8482.21,2026-03-20 12:56:03.548983,US
30,135.29,2026-03-19 01:44:03.548983,US
9,663.66,2026-03-21 03:15:03.548983,BR
38,8724.27,2026-03-19 10:58:03.548983,FR
29,245.84,2026-03-21 14:34:03.548983,BR
46,972.39,2026-03-19 13:16:03.548983,BR
49,3654.72,2026-03-19 16:01:03.548983,FR
89,136.54,2026-03-21 10:25:03.548983,FR
63,667.24,2026-03-20 21:42:03.548983,US
69,11.12,2026-03-22 09:28:03.548983,US
81,903.24,2026-03-19 02:32:03.548983,BR
37,626.51,2026-03-24 14:45:03.548983,UK
35,499.77,2026-03-18 23:45:03.548983,FR
58,397.84,2026-03-19 15:44:03.548983,UK
64,827.13,2026-03-19 04:36:03.548983,UK
29,971.77,2026-03-21 13:54:03.548983,FR
60,487.02,2026-03-20 08:40:03.548983,UK
52,49.37,2026-03-23 05:04:03.548983,FR
72,58.12,2026-03-21 12:56:03.548983,UK
81,810.11,2026-03-19 10:27:03.548983,FR
27,606.85,2026-03-22 07:13:03.548983,US
49,493.41,2026-03-18 16:19:03.548983,US
15,732.41,2026-03-23 16:40:03.548983,BR
86,654.0,2026-03-21 13:45:03.548983,BR
30,688.6,2026-03-25 05:08:03.548983,FR
31,101.65,2026-03-24 11:06:03.548983,UK
64,55.43,2026-03-20 16:08:03.548983,FR
25,838.41,2026-03-23 11:33:03.548983,BR
51,688.75,2026-03-20 03:07:03.548983,FR
23,409.72,2026-03-24 10:12:03.548983,UK
66,54.96,2026-03-22 08:37:03.548983,UK
69,867.97,2026-03-20 04:45:03.548983,FR
79,376.27,2026-03-24 02:54:03.548983,UK
46,667.4,2026-03-24 01:26:03.548983,BR
35,66.19,2026-03-23 00:24:03.548983,BR
70,953.51,2026-03-25 06:16:03.548983,BR
48,461.51,2026-03-24 22:33:03.548983,US
49,286.3,2026-03-24 13:21:03.548983,BR
91,266.06,2026-03-23 20:22:03.548983,FR
5,495.01,2026-03-21 04:08:03.548983,UK
87,82.02,2026-03-25 09:02:03.548983,BR
14,161.27,2026-03-23 00:03:03.548983,US
63,671.35,2026-03-25 09:52:03.548983,BR
82,984.45,2026-03-19 00:09:03.548983,US
4,745.7,2026-03-19 10:07:03.548983,BR
32,347.58,2026-03-21 02:19:03.548983,FR
61,36.43,2026-03-23 15:40:03.548983,FR
27,395.04,2026-03-18 17:28:03.548983,UK
97,346.79,2026-03-18 21:33:03.548983,US
27,322.82,2026-03-19 09:22:03.548983,FR
82,528.51,2026-03-22 06:24:03.548983,BR
81,731.83,2026-03-20 03:47:03.556669,UK
60,737.42,2026-03-21 22:18:03.556669,US
83,271.59,2026-03-22 14:30:03.556669,BR
46,472.04,2026-03-20 04:25:03.556669,US
10,35.19,2026-03-20 16:27:03.556669,US
28,292.84,2026-03-20 23:06:03.556669,US
29,577.56,2026-03-21 16:51:03.556669,FR
54,301.32,2026-03-24 06:51:03.556669,FR
4,639.64,2026-03-21 11:06:03.556669,US
11,678.24,2026-03-24 07:32:03.556669,FR
28,972.19,2026-03-22 23:06:03.556669,FR
69,800.93,2026-03-23 00:49:03.556669,BR
46,150.33,2026-03-20 11:18:03.556669,BR
89,259.06,2026-03-22 02:35:03.556669,BR
81,797.75,2026-03-18 23:21:03.556669,US
47,372.78,2026-03-24 15:05:03.556669,BR
32,257.74,2026-03-21 07:45:03.556669,BR
58,525.1,2026-03-25 02:28:03.556669,US
44,596.06,2026-03-24 15:13:03.556669,FR
55,957.72,2026-03-20 10:13:03.556669,FR
79,671.03,2026-03-22 11:19:03.556669,BR
63,740.3,2026-03-18 16:32:03.556669,BR
20,408.58,2026-03-22 00:50:03.556669,FR
39,886.12,2026-03-21 21:49:03.556669,BR
4,806.31,2026-03-19 09:56:03.556669,BR
50,22.59,2026-03-20 21:33:03.556669,UK
35,989.27,2026-03-20 03:58:03.556669,UK
45,546.77,2026-03-25 01:40:03.556669,US
63,316.49,2026-03-24 14:07:03.556669,FR
77,568.63,2026-03-22 13:45:03.556669,FR
2,343.16,2026-03-23 03:22:03.556669,BR
16,838.68,2026-03-24 09:00:03.556669,BR
66,501.29,2026-03-23 19:07:03.556669,US
98,381.72,2026-03-19 04:43:03.556669,US
90,467.62,2026-03-23 19:54:03.556669,US
20,405.78,2026-03-19 12:54:03.556669,US
40,7684.23,2026-03-19 06:44:03.556669,UK
98,464.13,2026-03-19 20:03:03.556669,UK
96,228.21,2026-03-23 04:06:03.556669,UK
58,492.04,2026-03-21 03:47:03.556669,FR
9,381.2,2026-03-19 08:00:03.556669,FR
76,639.87,2026-03-19 03:58:03.556669,UK
12,984.84,2026-03-22 00:40:03.556669,FR
94,429.98,2026-03-24 07:44:03.556669,US
49,206.06,2026-03-18 21:06:03.556669,BR
97,562.64,2026-03-22 00:26:03.556669,BR
81,753.48,2026-03-18 23:19:03.556669,US
60,72.11,2026-03-19 00:44:03.556669,FR
72,956.87,2026-03-21 00:58:03.556669,FR
63,289.16,2026-03-22 07:26:03.556669,UK
69,819.19,2026-03-22 02:45:03.556669,BR
19,422.57,2026-03-23 23:34:03.556669,UK
38,106.05,2026-03-24 04:59:03.556669,US
23,996.05,2026-03-21 04:45:03.556669,FR
50,712.36,2026-03-19 11:06:03.556669,FR
10,29.77,2026-03-23 14:02:03.556669,FR
6,132.65,2026-03-25 04:36:03.556669,US
42,632.16,2026-03-22 06:58:03.556669,UK
58,918.23,2026-03-21 18:17:03.556669,BR
55,74.15,2026-03-22 21:42:03.556669,BR
1,616.14,2026-03-23 14:36:03.556669,UK
49,563.24,2026-03-22 23:46:03.556669,FR
45,77.15,2026-03-24 22:15:03.556669,FR
26,593.47,2026-03-21 10:48:03.556669,BR
9,602.71,2026-03-23 18:02:03.556669,UK
7,187.37,2026-03-22 08:50:03.556669,US
67,758.54,2026-03-23 19:30:03.556669,FR
59,202.46,2026-03-20 01:57:03.556669,FR
16,3331.45,2026-03-24 18:06:03.556669,US
88,934.08,2026-03-21 05:09:03.556669,FR
87,443.26,2026-03-24 06:02:03.556669,FR
43,737.43,2026-03-21 07:50:03.556669,UK
40,382.51,2026-03-24 09:40:03.556669,BR
13,495.47,2026-03-21 17:03:03.556669,FR
57,364.8,2026-03-20 07:35:03.556669,FR
82,793.09,2026-03-24 00:36:03.556669,FR
77,13.72,2026-03-19 10:08:03.556669,BR
87,190.65,2026-03-22 12:32:03.556669,BR
65,395.69,2026-03-21 02:09:03.556669,FR
67,956.92,2026-03-22 08:53:03.556669,FR
95,402.92,2026-03-20 20:05:03.556669,FR
32,4040.66,2026-03-23 22:57:03.556669,US
28,515.12,2026-03-20 21:02:03.556669,US
14,313.18,2026-03-19 17:21:03.556669,BR
2,348.85,2026-03-22 09:26:03.556669,BR
50,468.93,2026-03-21 20:30:03.556669,UK
44,460.67,2026-03-20 05:44:03.556669,FR
23,403.38,2026-03-19 06:49:03.556669,US
30,6344.39,2026-03-24 22:18:03.556669,US
34,595.11,2026-03-21 01:35:03.556669,US
100,668.6,2026-03-19 15:40:03.556669,UK
47,728.46,2026-03-22 19:26:03.556669,UK
67,219.0,2026-03-25 03:13:03.556669,US
100,56.29,2026-03-21 20:31:03.556669,BR
32,325.85,2026-03-23 10:48:03.556669,FR
77,896.11,2026-03-24 03:24:03.556669,BR
53,435.83,2026-03-22 00:30:03.556669,BR
8,686.12,2026-03-18 15:38:03.556669,BR
31,631.98,2026-03-25 09:26:03.556669,UK
74,846.51,2026-03-22 08:46:03.556669,BR
8,921.03,2026-03-18 14:28:03.556669,FR
24,603.94,2026-03-24 19:47:03.556669,UK
49,16.69,2026-03-18 22:19:03.556669,BR
14,3287.39,2026-03-19 08:08:03.556669,FR
95,253.64,2026-03-24 23:20:03.556669,BR
80,357.68,2026-03-19 17:26:03.556669,FR
98,217.76,2026-03-23 19:22:03.556669,US
39,728.65,2026-03-22 16:39:03.556669,FR
68,113.66,2026-03-24 14:44:03.556669,UK
73,597.63,2026-03-22 22:54:03.556669,FR
32,996.83,2026-03-19 19:44:03.556669,UK
71,474.74,2026-03-21 00:12:03.556669,FR
60,375.12,2026-03-23 17:04:03.556669,US
5,840.44,2026-03-23 15:28:03.556669,FR
43,363.81,2026-03-21 23:54:03.556669,FR
61,607.98,2026-03-19 20:56:03.556669,US
6,852.47,2026-03-21 12:39:03.556669,UK
63,217.58,2026-03-18 14:08:03.556669,US
18,727.99,2026-03-21 14:08:03.556669,UK
88,32.21,2026-03-23 00:20:03.556669,BR
100,821.07,2026-03-24 17:47:03.556669,US
44,854.03,2026-03-24 15:04:03.556669,BR
96,520.85,2026-03-23 12:19:03.556669,UK
30,756.96,2026-03-23 21:09:03.556669,UK
77,747.03,2026-03-20 11:35:03.556669,FR
62,237.15,2026-03-24 16:40:03.556669,FR
92,217.04,2026-03-21 03:28:03.556669,UK
54,751.42,2026-03-24 09:34:03.556669,UK
92,275.06,2026-03-23 08:02:03.556669,UK
81,4964.61,2026-03-24 12:24:03.556669,UK
20,953.4,2026-03-19 08:27:03.556669,FR
95,443.54,2026-03-20 09:54:03.556669,FR
63,521.29,2026-03-19 17:24:03.556669,US
4,715.9,2026-03-24 21:00:03.556669,FR
70,6951.39,2026-03-24 21:47:03.556669,UK
54,795.11,2026-03-24 12:10:03.556669,UK
37,864.94,2026-03-24 00:07:03.556669,US
13,960.37,2026-03-19 10:09:03.556669,BR
23,826.02,2026-03-20 07:20:03.556669,FR
75,711.92,2026-03-25 11:41:03.556669,BR
96,877.59,2026-03-23 14:31:03.556669,UK
66,678.66,2026-03-20 19:13:03.556669,BR
19,53.51,2026-03-19 23:48:03.556669,BR
37,988.55,2026-03-20 05:24:03.556669,US
40,880.34,2026-03-24 21:10:03.556669,BR
60,649.22,2026-03-18 19:40:03.556669,BR
21,167.81,2026-03-25 07:17:03.556669,BR
36,877.15,2026-03-21 11:35:03.556669,US
54,863.86,2026-03-22 13:21:03.556669,BR
79,828.26,2026-03-19 21:55:03.556669,FR
64,382.61,2026-03-19 07:01:03.556669,FR
16,596.32,2026-03-20 18:11:03.556669,BR
45,941.12,2026-03-23 17:29:03.556669,FR
35,305.42,2026-03-24 11:18:03.556669,BR
67,736.07,2026-03-19 07:06:03.556669,US
33,456.75,2026-03-25 08:19:03.556669,US
65,709.61,2026-03-21 05:36:03.556669,UK
32,282.27,2026-03-23 15:30:03.556669,FR
30,46.17,2026-03-19 20:25:03.556669,US
67,22.31,2026-03-25 11:15:03.556669,UK
69,483.54,2026-03-23 04:20:03.556669,US
66,212.8,2026-03-19 12:27:03.556669,UK
31,74.52,2026-03-24 19:29:03.556669,UK
64,942.04,2026-03-22 04:09:03.556669,UK
45,849.05,2026-03-20 04:49:03.556669,US
10,407.29,2026-03-23 03:54:03.556669,US
70,531.97,2026-03-24 15:21:03.556669,FR
22,257.05,2026-03-23 00:59:03.556669,BR
61,658.69,2026-03-22 07:24:03.556669,BR
32,679.0,2026-03-24 14:24:03.556669,US
4,579.09,2026-03-23 08:08:03.556669,US
98,836.13,2026-03-23 11:58:03.556669,FR
18,870.03,2026-03-18 13:40:03.556669,UK
75,977.72,2026-03-22 06:03:03.556669,BR
59,292.92,2026-03-21 09:44:03.556669,FR
94,982.21,2026-03-20 09:33:03.556669,UK
18,822.95,2026-03-19 12:32:03.556669,US
86,339.83,2026-03-22 17:37:03.556669,US
18,214.27,2026-03-21 06:27:03.556669,BR
82,701.08,2026-03-23 02:28:03.556669,US
76,272.29,2026-03-21 03:43:03.556669,BR
37,503.88,2026-03-21 19:46:03.556669,UK
13,690.6,2026-03-20 00:00:03.556669,FR
8,758.36,2026-03-23 08:46:03.556669,FR
23,413.54,2026-03-24 17:28:03.556669,FR
3,69.07,2026-03-22 11:32:03.556669,BR
22,864.96,2026-03-22 07:46:03.556669,UK
91,100.98,2026-03-24 15:03:03.556669,US
62,477.36,2026-03-19 23:09:03.556669,FR
31,922.91,2026-03-20 05:03:03.556669,UK
82,224.97,2026-03-24 04:14:03.556669,US
3,822.33,2026-03-19 10:05:03.556669,BR
83,112.3,2026-03-21 16:49:03.556669,BR
70,576.67,2026-03-22 23:05:03.556669,BR
17,598.72,2026-03-23 03:16:03.556669,UK
85,145.91,2026-03-24 16:46:03.556669,UK
50,852.26,2026-03-21 08:57:03.556669,BR
87,929.78,2026-03-25 05:30:03.556669,BR
30,4681.83,2026-03-25 09:37:03.556669,US
98,951.47,2026-03-20 14:52:03.556669,UK
53,898.87,2026-03-23 09:52:03.556669,FR
49,5101.15,2026-03-23 12:12:03.556669,FR
64,827.86,2026-03-20 16:22:03.556669,BR
87,257.58,2026-03-22 06:08:03.556669,FR
95,9975.12,2026-03-20 07:33:03.556669,US
61,292.59,2026-03-20 21:17:03.556669,FR
27,148.34,2026-03-24 14:51:03.556669,BR
59,873.46,2026-03-19 07:05:03.556669,US
4,267.2,2026-03-19 20:00:03.556669,BR
46,729.98,2026-03-21 11:54:03.556669,US
87,319.46,2026-03-23 12:19:03.556669,BR
28,591.02,2026-03-25 00:35:03.556669,UK
81,242.61,2026-03-21 18:48:03.556669,FR
69,426.99,2026-03-20 23:18:03.556669,BR
72,325.66,2026-03-23 01:16:03.556669,US
79,590.01,2026-03-21 04:01:03.556669,FR
15,919.35,2026-03-25 05:47:03.556669,UK
88,932.33,2026-03-19 18:46:03.556669,BR
54,802.74,2026-03-21 01:20:03.556669,FR
98,785.98,2026-03-22 12:26:03.556669,BR
31,593.64,2026-03-24 13:46:03.556669,BR
6,996.65,2026-03-21 11:25:03.556669,BR
100,97.22,2026-03-20 07:35:03.556669,UK
21,800.63,2026-03-20 03:59:03.556669,US
92,90.43,2026-03-19 04:24:03.556669,FR
38,51.56,2026-03-20 10:21:03.556669,FR
88,980.05,2026-03-21 07:01:03.556669,FR
86,998.27,2026-03-20 15:46:03.556669,FR
20,802.03,2026-03-23 05:52:03.556669,FR
17,145.1,2026-03-21 19:46:03.556669,BR
80,147.24,2026-03-23 04:47:03.556669,UK
29,872.03,2026-03-20 05:17:03.556669,US
63,332.74,2026-03-20 01:24:03.556669,BR
66,856.52,2026-03-21 13:26:03.556669,US
31,513.51,2026-03-20 23:27:03.556669,UK
71,747.03,2026-03-20 16:51:03.556669,FR
19,444.29,2026-03-24 20:22:03.556669,US
97,561.05,2026-03-20 06:31:03.556669,UK
62,675.8,2026-03-21 18:36:03.556669,UK
91,262.38,2026-03-21 06:49:03.556669,US
87,203.27,2026-03-24 22:35:03.556669,US
29,194.85,2026-03-22 23:25:03.556669,FR
14,743.26,2026-03-20 21:48:03.556669,FR
5,474.67,2026-03-19 05:47:03.556669,FR
84,9675.27,2026-03-21 22:01:03.556669,BR
3,703.12,2026-03-22 00:27:03.556669,FR
68,969.09,2026-03-19 19:26:03.556669,FR
30,741.63,2026-03-19 02:28:03.556669,US
82,49.74,2026-03-21 19:07:03.556669,UK
86,496.61,2026-03-22 22:15:03.556669,BR
10,211.13,2026-03-23 16:33:03.556669,UK
95,126.28,2026-03-21 03:29:03.556669,BR
82,20.26,2026-03-22 07:00:03.556669,BR
25,313.73,2026-03-19 08:01:03.556669,UK
39,839.42,2026-03-19 13:17:03.556669,US
80,786.98,2026-03-24 21:27:03.556669,UK
61,738.92,2026-03-21 01:04:03.556669,US
87,936.74,2026-03-23 10:34:03.556669,US
82,360.76,2026-03-24 19:27:03.556669,BR
17,489.92,2026-03-20 14:21:03.556669,FR
47,968.58,2026-03-19 09:56:03.556669,US
16,946.01,2026-03-19 14:35:03.556669,UK
6,694.64,2026-03-18 19:50:03.556669,FR
69,6716.34,2026-03-24 03:41:03.556669,UK
49,383.51,2026-03-22 05:41:03.556669,FR
81,769.23,2026-03-23 13:20:03.556669,FR
50,44.9,2026-03-23 07:31:03.556669,UK
44,872.41,2026-03-21 00:56:03.556669,BR
61,472.11,2026-03-21 07:52:03.556669,BR
92,770.29,2026-03-19 06:48:03.556669,FR
12,986.23,2026-03-19 12:10:03.556669,US
85,835.75,2026-03-24 02:39:03.556669,US
48,396.98,2026-03-24 06:04:03.556669,US
18,4603.93,2026-03-24 02:48:03.556669,FR
38,406.42,2026-03-20 23:09:03.556669,UK
7,639.2,2026-03-18 15:04:03.556669,BR
86,78.5,2026-03-22 14:16:03.556669,FR
12,98.43,2026-03-24 11:09:03.556669,FR
70,378.68,2026-03-19 12:54:03.556669,FR
54,301.53,2026-03-21 20:16:03.556669,BR
94,192.27,2026-03-20 08:47:03.556669,US
86,238.84,2026-03-18 16:36:03.556669,US
96,129.71,2026-03-22 02:41:03.556669,BR
98,453.44,2026-03-22 20:05:03.556669,UK
46,266.84,2026-03-19 04:38:03.556669,UK
34,262.77,2026-03-22 14:17:03.556669,FR
16,874.02,2026-03-19 01:01:03.556669,US
96,769.95,2026-03-21 23:49:03.556669,UK
24,114.24,2026-03-19 08:08:03.556669,BR
81,271.46,2026-03-24 11:24:03.556669,FR
59,616.63,2026-03-22 07:07:03.556669,FR
20,257.2,2026-03-24 08:35:03.556669,FR
43,824.07,2026-03-21 12:51:03.556669,FR
12,299.35,2026-03-23 22:31:03.556669,US
27,69.29,2026-03-19 22:24:03.556669,US
66,421.64,2026-03-24 21:45:03.556669,UK
51,534.23,2026-03-20 09:37:03.556669,US
37,473.85,2026-03-25 05:41:03.556669,FR
20,143.68,2026-03-23 16:46:03.556669,US
78,517.32,2026-03-20 10:06:03.556669,FR
61,208.14,2026-03-19 23:57:03.556669,UK
94,477.66,2026-03-18 23:05:03.556669,FR
42,585.23,2026-03-19 22:19:03.556669,BR
53,869.97,2026-03-19 12:12:03.556669,US
87,581.57,2026-03-25 02:14:03.556669,BR
70,822.22,2026-03-20 05:30:03.556669,UK
70,456.56,2026-03-18 19:23:03.556669,BR
100,578.68,2026-03-21 03:58:03.556669,US
37,738.4,2026-03-24 13:44:03.556669,FR
46,749.75,2026-03-21 14:01:03.556669,BR
14,890.82,2026-03-20 11:36:03.556669,BR
56,501.24,2026-03-19 03:04:03.556669,US
90,700.04,2026-03-23 12:25:03.556669,UK
5,263.83,2026-03-21 14:16:03.556669,FR
12,671.55,2026-03-20 17:58:03.556669,FR
19,825.21,2026-03-23 21:37:03.556669,BR
46,226.43,2026-03-24 21:48:03.556669,FR
31,198.22,2026-03-21 22:03:03.556669,BR
26,487.71,2026-03-20 05:19:03.556669,FR
65,7055.71,2026-03-22 15:06:03.556669,US
90,986.15,2026-03-20 17:43:03.556669,US
48,411.46,2026-03-24 15:42:03.556669,UK
24,946.97,2026-03-24 00:35:03.556669,BR
88,8463.13,2026-03-21 14:15:03.556669,BR
85,993.5,2026-03-22 23:11:03.556669,UK
81,424.63,2026-03-20 21:39:03.556669,US
97,300.94,2026-03-19 17:35:03.556669,UK
95,5161.87,2026-03-19 15:25:03.556669,UK
96,122.81,2026-03-24 03:36:03.556669,BR
3,613.73,2026-03-19 23:34:03.556669,BR
57,385.14,2026-03-20 14:46:03.556669,FR
42,646.0,2026-03-21 16:35:03.556669,US
47,215.3,2026-03-24 16:28:03.556669,US
71,295.93,2026-03-23 02:47:03.556669,BR
89,374.33,2026-03-20 18:26:03.556669,FR
75,502.88,2026-03-22 08:34:03.556669,UK
19,278.15,2026-03-20 04:06:03.556669,FR
56,526.22,2026-03-24 17:39:03.556669,BR
16,370.86,2026-03-20 10:14:03.556669,UK
16,686.65,2026-03-19 12:01:03.556669,UK
92,522.38,2026-03-24 14:57:03.556669,US
16,454.86,2026-03-18 13:48:03.556669,US
23,402.49,2026-03-20 15:44:03.556669,BR
82,364.35,2026-03-20 18:26:03.556669,FR
27,628.63,2026-03-23 12:46:03.556669,UK
26,659.06,2026-03-24 02:23:03.556669,FR
73,866.8,2026-03-21 16:52:03.556669,BR
23,678.13,2026-03-22 19:59:03.556669,FR
39,579.8,2026-03-23 16:03:03.556669,BR
84,853.57,2026-03-19 07:17:03.556669,US
39,977.63,2026-03-23 11:48:03.556669,US
20,301.28,2026-03-23 03:23:03.556669,UK
4,664.07,2026-03-19 22:42:03.556669,US
69,702.23,2026-03-18 23:45:03.556669,BR
91,326.69,2026-03-18 19:16:03.556669,US
51,4013.81,2026-03-22 22:25:03.556669,BR
2,359.54,2026-03-19 18:09:03.556669,UK
14,390.23,2026-03-20 19:45:03.556669,FR
47,273.61,2026-03-22 04:21:03.556669,US
82,761.15,2026-03-23 09:34:03.556669,US
18,907.91,2026-03-23 14:16:03.556669,UK
81,388.0,2026-03-21 10:47:03.556669,FR
44,309.01,2026-03-22 23:03:03.556669,UK
76,392.4,2026-03-22 11:23:03.556669,UK
18,100.18,2026-03-20 04:32:03.556669,BR
86,904.35,2026-03-25 04:35:03.556669,FR
52,745.86,2026-03-24 12:57:03.556669,BR
51,178.28,2026-03-20 15:11:03.556669,FR
39,463.68,2026-03-20 18:12:03.556669,FR
6,9949.84,2026-03-25 01:22:03.556669,US
35,235.55,2026-03-24 15:21:03.556669,BR
28,418.93,2026-03-20 02:56:03.556669,BR
94,773.68,2026-03-19 21:58:03.556669,UK
69,5983.0,2026-03-18 22:02:03.556669,BR
3,340.81,2026-03-24 08:28:03.556669,US
87,516.93,2026-03-20 18:24:03.556669,US
20,385.0,2026-03-24 06:09:03.556669,US
79,864.02,2026-03-23 17:19:03.556669,FR
76,572.2,2026-03-22 02:51:03.556669,UK
38,138.61,2026-03-20 19:43:03.556669,UK
16,306.34,2026-03-23 11:18:03.556669,UK
18,160.97,2026-03-23 00:46:03.556669,US
63,955.77,2026-03-23 20:29:03.556669,BR
100,3928.94,2026-03-20 19:39:03.556669,BR
10,592.87,2026-03-23 00:11:03.556669,FR
23,522.43,2026-03-23 06:48:03.556669,US
20,608.7,2026-03-22 20:45:03.556669,FR
75,550.9,2026-03-23 18:32:03.556669,BR
3,20.08,2026-03-24 23:01:03.556669,BR
59,611.33,2026-03-19 20:13:03.556669,US
81,774.86,2026-03-24 09:25:03.556669,UK
49,519.51,2026-03-22 11:02:03.556669,US
45,722.77,2026-03-21 20:06:03.556669,US
35,199.98,2026-03-24 11:30:03.556669,BR
54,633.94,2026-03-20 16:21:03.556669,UK
82,869.84,2026-03-18 16:09:03.556669,FR
19,852.6,2026-03-21 16:04:03.556669,FR
61,594.94,2026-03-22 11:52:03.556669,FR
97,333.82,2026-03-24 20:37:03.556669,US
39,32.38,2026-03-20 17:59:03.556669,FR
47,203.04,2026-03-18 16:52:03.556669,BR
91,158.82,2026-03-23 14:25:03.556669,UK
58,873.97,2026-03-18 13:50:03.556669,US
73,800.92,2026-03-19 18:56:03.556669,FR
41,777.33,2026-03-24 11:32:03.556669,FR
2,406.57,2026-03-19 14:37:03.556669,BR
19,7873.7,2026-03-18 16:48:03.556669,UK
73,770.3,2026-03-22 16:21:03.556669,UK
57,762.1,2026-03-24 21:43:03.556669,US
29,709.06,2026-03-25 05:32:03.556669,FR
56,516.47,2026-03-25 03:37:03.556669,US
55,493.44,2026-03-19 06:57:03.556669,US
51,198.04,2026-03-20 04:48:03.556669,US
45,988.99,2026-03-19 16:12:03.556669,US
34,5079.09,2026-03-23 20:27:03.556669,FR
25,211.56,2026-03-20 17:24:03.556669,BR
19,961.48,2026-03-21 13:38:03.556669,US
84,619.23,2026-03-21 23:44:03.556669,FR
1,114.82,2026-03-23 09:19:03.556669,US
78,534.53,2026-03-25 10:29:03.556669,US
80,107.19,2026-03-25 00:35:03.556669,US
86,416.25,2026-03-24 08:43:03.556669,US
45,455.65,2026-03-23 15:02:03.556669,US
71,283.48,2026-03-18 19:28:03.556669,US
45,110.19,2026-03-21 12:18:03.556669,US
50,974.54,2026-03-24 18:11:03.556669,BR
25,772.67,2026-03-24 12:12:03.556669,UK
9,985.96,2026-03-25 06:35:03.556669,US
20,29.44,2026-03-20 01:19:03.556669,FR
23,321.96,2026-03-22 04:14:03.556669,FR
25,16.91,2026-03-24 02:39:03.556669,UK
24,948.54,2026-03-20 01:30:03.556669,US
75,316.54,2026-03-22 02:02:03.556669,BR
28,514.7,2026-03-19 22:57:03.556669,UK
97,977.28,2026-03-20 01:35:03.556669,US
69,689.55,2026-03-21 13:56:03.556669,FR
93,814.26,2026-03-24 02:21:03.556669,US
49,8049.22,2026-03-19 17:28:03.556669,US
41,384.79,2026-03-24 00:09:03.556669,FR
60,431.33,2026-03-24 05:04:03.556669,US
30,392.7,2026-03-24 01:56:03.556669,BR
10,215.58,2026-03-19 13:27:03.556669,US
30,868.35,2026-03-19 13:52:03.556669,FR
28,715.7,2026-03-24 19:40:03.556669,BR
76,919.92,2026-03-22 16:43:03.556669,US
38,3143.36,2026-03-18 18:14:03.556669,FR
3,311.6,2026-03-25 03:17:03.556669,US
4,970.61,2026-03-23 13:57:03.556669,UK
18,39.64,2026-03-18 22:37:03.556669,FR
94,841.56,2026-03-19 02:52:03.556669,US
75,91.76,2026-03-22 07:30:03.556669,BR
25,88.85,2026-03-19 10:44:03.556669,UK
23,7474.88,2026-03-20 18:38:03.556669,FR
26,20.96,2026-03-19 02:11:03.556669,FR
3,949.24,2026-03-22 07:19:03.556669,BR
33,558.42,2026-03-25 12:11:03.556669,FR
55,714.84,2026-03-21 11:47:03.556669,FR
8,619.5,2026-03-22 10:32:03.556669,UK
5,228.66,2026-03-20 17:54:03.556669,UK
60,542.81,2026-03-25 02:19:03.556669,UK
15,590.45,2026-03-18 18:31:03.556669,FR
13,110.09,2026-03-25 06:05:03.556669,FR
64,442.15,2026-03-19 17:22:03.556669,FR
57,300.42,2026-03-19 10:05:03.556669,UK
23,877.55,2026-03-21 23:29:03.556669,US
8,43.62,2026-03-19 17:47:03.556669,US
41,714.34,2026-03-24 22:33:03.556669,UK
51,114.57,2026-03-19 16:58:03.556669,US
62,13.59,2026-03-20 08:22:03.556669,FR
87,981.09,2026-03-19 12:15:03.556669,US
24,453.17,2026-03-22 20:20:03.556669,BR
9,540.11,2026-03-24 09:19:03.556669,US
84,357.9,2026-03-24 02:44:03.556669,UK
80,949.83,2026-03-22 06:34:03.556669,BR
49,823.37,2026-03-19 05:21:03.556669,UK
41,759.84,2026-03-21 00:17:03.556669,FR
59,227.84,2026-03-20 02:22:03.556669,UK
53,284.11,2026-03-22 02:28:03.556669,UK
86,396.04,2026-03-21 05:15:03.556669,UK
49,318.65,2026-03-22 04:57:03.556669,UK
5,716.3,2026-03-24 12:31:03.556669,BR
72,749.33,2026-03-18 15:52:03.556669,UK
76,692.67,2026-03-19 12:33:03.556669,FR
33,767.8,2026-03-25 07:35:03.556669,BR
69,602.35,2026-03-20 01:14:03.556669,BR
69,605.39,2026-03-22 12:21:03.556669,UK
44,381.38,2026-03-23 21:12:03.556669,BR
41,87.89,2026-03-22 23:42:03.556669,BR
39,550.26,2026-03-18 20:19:03.556669,FR
50,101.2,2026-03-23 00:53:03.556669,BR
67,439.93,2026-03-23 10:40:03.556669,FR
57,362.42,2026-03-23 16:44:03.556669,US
83,359.0,2026-03-21 08:42:03.556669,BR
5,536.0,2026-03-20 03:41:03.556669,UK
64,995.87,2026-03-19 16:32:03.556669,US
63,109.13,2026-03-20 19:03:03.556669,US
33,653.45,2026-03-20 02:36:03.556669,US
47,430.61,2026-03-21 13:31:03.556669,UK
57,28.53,2026-03-22 21:13:03.556669,US
8,507.04,2026-03-21 12:38:03.556669,FR
55,121.87,2026-03-19 06:04:03.556669,BR
100,577.76,2026-03-21 11:57:03.556669,US
20,332.54,2026-03-22 12:27:03.556669,UK
41,474.42,2026-03-20 11:39:03.556669,FR
15,8441.1,2026-03-25 03:46:03.556669,FR
93,545.19,2026-03-18 18:14:03.556669,BR
2,676.88,2026-03-22 17:14:03.556669,UK
54,229.36,2026-03-19 16:29:03.556669,BR
38,123.2,2026-03-18 17:07:03.556669,BR
34,660.14,2026-03-22 05:17:03.556669,BR
47,660.65,2026-03-18 20:28:03.556669,UK
21,727.55,2026-03-19 14:08:03.556669,UK
70,687.01,2026-03-21 22:53:03.556669,US
65,821.39,2026-03-19 01:14:03.556669,FR
52,770.92,2026-03-24 19:22:03.556669,US
56,200.84,2026-03-20 11:10:03.556669,BR
47,853.61,2026-03-23 14:47:03.556669,US
45,636.77,2026-03-20 14:06:03.556669,FR
71,426.48,2026-03-23 19:38:03.556669,UK
10,112.69,2026-03-24 23:55:03.556669,BR
28,486.41,2026-03-24 15:58:03.556669,UK
30,833.33,2026-03-19 09:53:03.556669,FR
29,867.07,2026-03-23 09:02:03.556669,BR
46,555.04,2026-03-19 09:19:03.556669,BR
2,6153.76,2026-03-24 13:17:03.556669,UK
93,746.17,2026-03-23 10:51:03.556669,UK
20,334.0,2026-03-21 08:08:03.556669,FR
25,4988.55,2026-03-24 02:20:03.556669,UK
18,609.41,2026-03-18 14:19:03.556669,UK
81,477.26,2026-03-23 02:45:03.556669,UK
8,889.75,2026-03-23 03:09:03.556669,US
60,637.34,2026-03-23 13:25:03.556669,FR
2,5515.21,2026-03-24 06:03:03.556669,BR
52,144.59,2026-03-21 07:59:03.556669,FR
23,792.44,2026-03-22 18:40:03.556669,BR
84,470.82,2026-03-25 01:03:03.556669,FR
25,999.72,2026-03-24 05:43:03.556669,US
31,667.37,2026-03-24 13:01:03.556669,FR
74,891.85,2026-03-23 00:21:03.556669,UK
84,775.23,2026-03-24 09:46:03.556669,UK
72,289.92,2026-03-23 00:24:03.556669,BR
86,510.14,2026-03-18 17:44:03.556669,FR
88,421.73,2026-03-23 13:53:03.556669,US
84,389.03,2026-03-21 06:24:03.556669,BR
83,371.62,2026-03-20 07:41:03.556669,UK
7,719.68,2026-03-25 09:21:03.556669,US
99,60.17,2026-03-20 20:39:03.556669,UK
88,966.48,2026-03-24 03:12:03.556669,BR
62,931.99,2026-03-22 15:13:03.556669,UK
79,6017.47,2026-03-24 12:41:03.556669,UK
9,5915.5,2026-03-22 00:30:03.556669,US
41,507.11,2026-03-24 01:15:03.556669,BR
8,763.59,2026-03-19 04:46:03.556669,US
38,70.88,2026-03-18 18:35:03.556669,FR
48,265.86,2026-03-24 16:26:03.556669,FR
43,135.06,2026-03-23 13:32:03.556669,FR
28,108.95,2026-03-24 05:01:03.556669,FR
41,737.93,2026-03-22 15:16:03.556669,UK
60,789.09,2026-03-19 07:09:03.556669,UK
46,930.15,2026-03-21 00:23:03.556669,UK
4,133.2,2026-03-24 06:40:03.556669,US
33,6214.34,2026-03-23 17:38:03.556669,FR
77,132.18,2026-03-19 10:35:03.556669,UK
9,971.96,2026-03-24 16:49:03.556669,BR
21,818.71,2026-03-21 22:29:03.556669,FR
17,5237.5,2026-03-19 05:43:03.556669,FR
44,456.96,2026-03-23 21:58:03.556669,US
39,550.11,2026-03-19 18:24:03.556669,BR
82,37.81,2026-03-19 14:05:03.556669,BR
62,106.28,2026-03-24 16:41:03.556669,UK
71,411.86,2026-03-19 21:38:03.556669,FR
41,632.23,2026-03-24 23:59:03.556669,BR
17,953.37,2026-03-18 20:25:03.556669,FR
61,925.64,2026-03-21 17:40:03.556669,UK
